CLIENTE;Estado;Material;Tipo material;Texto breve de material;Centro área pl.nec.;Almacén;Ubicación;Caract.planif.nec.;ESTADO
00223 Comp Amb Santa Fe;02-MENOR A PUNTO DE PEDIDO;1001673;ZSTO;ALAMBRE 1.42MM NEGRO RECOCIDO P ATAR XKG;MR01;223;;V1;#N/D
00223 Comp Amb Santa Fe;02-MENOR A PUNTO DE PEDIDO;1001697;ZSTO;GUANTE VAQUETA MEDIO PASEO T.10;MR01;223;;V1;#N/D
00223 Comp Amb Santa Fe;02-MENOR A PUNTO DE PEDIDO;1001708;ZSTO;GUANTE POLIAMIDA LAMINADO PALMAPU-TALLE9;MR01;223;;V1;#N/D
00223 Comp Amb Santa Fe;02-MENOR A PUNTO DE PEDIDO;1001747;ZSTO;BOTA GOMA P.ACERO N 43;MR01;223;;V1;#N/D
00223 Comp Amb Santa Fe;02-MENOR A PUNTO DE PEDIDO;1001756;ZSTO;BOTIN MARRON/NEGRO FLOR P.ACERO N 40;MR01;223;;V1;#N/D
00223 Comp Amb Santa Fe;02-MENOR A PUNTO DE PEDIDO;1001757;ZSTO;BOTIN MARRON/NEGRO FLOR P.ACERO N 41;MR01;223;;V1;#N/D
00223 Comp Amb Santa Fe;02-MENOR A PUNTO DE PEDIDO;1001791;ZSTO;ACEITE SAE 30 X 205L;MR01;223;;V1;#N/D
00223 Comp Amb Santa Fe;02-MENOR A PUNTO DE PEDIDO;1001804;ZSTO;GRASA LITIO LIMIT MO-2 (NEGRA) X 180 KG;MR01;223;;V1;#N/D
00223 Comp Amb Santa Fe;02-MENOR A PUNTO DE PEDIDO;1001842;ZSTO;PROTECTOR P CAMARA 12.00;MR01;223;;V1;#N/D
00223 Comp Amb Santa Fe;02-MENOR A PUNTO DE PEDIDO;1002053;ZSTO;CAMPERA 2 PIEL T. XXL;MR01;223;;V1;#N/D
00223 Comp Amb Santa Fe;02-MENOR A PUNTO DE PEDIDO;1002472;ZSTO;FILTRO COMBUSTIBLE XUN;MR01;223;;V1;EMBALADO
00223 Comp Amb Santa Fe;02-MENOR A PUNTO DE PEDIDO;1002473;ZSTO;FILTRO COMBUSTUBLE XUN;MR01;223;;V1;EMBALADO
00223 Comp Amb Santa Fe;02-MENOR A PUNTO DE PEDIDO;1002514;ZSTO;FILTRO ACEITE;MR01;223;;V1;EMBALADO
00223 Comp Amb Santa Fe;02-MENOR A PUNTO DE PEDIDO;1002532;ZSTO;FILTRO RESPIRADERO XUN;MR01;223;;V1;EMBALADO
00223 Comp Amb Santa Fe;02-MENOR A PUNTO DE PEDIDO;1002543;ZSTO;FILTRO AIRE XUN;MR01;223;;V1;SIN TRATAMIENTO
00223 Comp Amb Santa Fe;02-MENOR A PUNTO DE PEDIDO;1002566;ZSTO;FILTRO LINEA COMBUSTIBLE;MR01;223;;V1;EMBALADO
00223 Comp Amb Santa Fe;02-MENOR A PUNTO DE PEDIDO;1002609;ZSTO;FILTRO AIRE PRIMARIO;MR01;223;;V1;SIN TRATAMIENTO
00223 Comp Amb Santa Fe;02-MENOR A PUNTO DE PEDIDO;1002612;ZSTO;FILTRO AIRE JOHN DEERE;MR01;223;;V1;EMBALADO
00223 Comp Amb Santa Fe;02-MENOR A PUNTO DE PEDIDO;1002628;ZSTO;FILTRO AIRE CABINA XUN;MR01;223;;V1;EMBALADO
00223 Comp Amb Santa Fe;02-MENOR A PUNTO DE PEDIDO;1002832;ZSTO;FILTRO COMBUSTIBLE;MR01;223;;V1;SIN TRATAMIENTO
00223 Comp Amb Santa Fe;02-MENOR A PUNTO DE PEDIDO;1002838;ZSTO;FILTRO ACEITE;MR01;223;;V1;#N/D
00223 Comp Amb Santa Fe;02-MENOR A PUNTO DE PEDIDO;1002907;ZSTO;FILTRO TRAMPA AGUA XUN;MR01;223;;V1;SIN TRATAMIENTO
00223 Comp Amb Santa Fe;01-STOCK NULO;1002516;ZSTO;FILTRO ACEITE XUN;MR01;223;;V1;EMBALADO
00223 Comp Amb Santa Fe;01-STOCK NULO;1002552;ZSTO;COMBUSTIBLE J.D. XUN;MR01;223;;V1;EMBALADO PARCIAL
00223 Comp Amb Santa Fe;01-STOCK NULO;1002557;ZSTO;FILTRO COMBUSTIBLE XUN;MR01;223;;V1;EMBALADO
00223 Comp Amb Santa Fe;01-STOCK NULO;1002613;ZSTO;FILTRO AIRE;MR01;223;;V1;EMBALADO
00223 Comp Amb Santa Fe;01-STOCK NULO;1002621;ZSTO;FILTRO AIRE 1 XUN;MR01;223;;V1;EMBALADO
00223 Comp Amb Santa Fe;01-STOCK NULO;1002623;ZSTO;FILTRO AIRE 2 XUN;MR01;223;;V1;EMBALADO
00223 Comp Amb Santa Fe;01-STOCK NULO;1002781;ZSTO;FILTRO AIRE;MR01;223;;V1;EMBALADO
00223 Comp Amb Santa Fe;01-STOCK NULO;1002901;ZSTO;FILTRO ACEITE;MR01;223;;V1;EMBALADO
00223 Comp Amb Santa Fe;01-STOCK NULO;1003138;ZSTO;FILTRO DE COMBUSTIBLE;MR01;223;;V1;EMBALADO
00223 Comp Amb Santa Fe;01-STOCK NULO;1016537;ZSTO;KIT FILTRO DE AIRE PRIMARIO Y SECUNDARIO;MR01;223;;V1;EMBALADO
00314 CASA Olavarría;02-MENOR A PUNTO DE PEDIDO;1001707;ZSTO;CHALECOGRAFANARANJACONREFLETIVOT.XLC2;MR01;314;;V1;SIN TRATAMIENTO
00314 CASA Olavarría;02-MENOR A PUNTO DE PEDIDO;1001773;ZSTO;CHALECOMICROPERFAMARILLOCONREFLECTIVO;MR01;314;;V1;SIN TRATAMIENTO
00314 CASA Olavarría;02-MENOR A PUNTO DE PEDIDO;1001888;ZSTO;BOLSAS RESIDUOS XUN 102X130 NEGRA;MR01;314;;V1;PICKEADO
00314 CASA Olavarría;02-MENOR A PUNTO DE PEDIDO;1001900;ZSTO;TRAPO DE PISO;MR01;314;;V1;#N/D
00314 CASA Olavarría;02-MENOR A PUNTO DE PEDIDO;1001915;ZSTO;REJILLA DE COCINA;MR01;314;;V1;#N/D
00314 CASA Olavarría;02-MENOR A PUNTO DE PEDIDO;1001934;ZSTO;DISCO C D O A 114X4.8X22.2 SECUR x UN;MR01;314;;V1;SIN TRATAMIENTO
00314 CASA Olavarría;02-MENOR A PUNTO DE PEDIDO;1001958;ZSTO;CINTA TEFLON 1/2 X 20MT;MR01;314;;V1;PICKEADO
00314 CASA Olavarría;02-MENOR A PUNTO DE PEDIDO;1002297;ZSTO;PLACA INTERNO DE PROTECTOR DE BALDE;MM01;26;;V1;SIN TRATAMIENTO
00314 CASA Olavarría;02-MENOR A PUNTO DE PEDIDO;1002773;ZSTO;FILTRO AIRE WA600;MM01;26;;V1;PICKEADO
00314 CASA Olavarría;02-MENOR A PUNTO DE PEDIDO;1004569;ZSTO;SEGMENTO TALON X UN;MM01;26;;V1;ADJUDICADO
00314 CASA Olavarría;02-MENOR A PUNTO DE PEDIDO;1015760;ZSSD;BOLIGRAFO BIC Trazo Grueso-NEGRO X UN;MR01;314;;V1;SIN TRATAMIENTO
00314 CASA Olavarría;02-MENOR A PUNTO DE PEDIDO;1015850;ZSSD;PINCEL CERDA Nº30 XUN;MR01;314;;V1;#N/D
00314 CASA Olavarría;02-MENOR A PUNTO DE PEDIDO;1028200;ZSCD;PIEDRA RUEDA VERDE P/WIDIA 150X19X19Gr80;MR01;314;;V1;RECEPCIONADO PARCIAL
00314 CASA Olavarría;02-MENOR A PUNTO DE PEDIDO;1033550;ZSSD;FARO LED 9V 36 LUXLED XUN;MM01;26;;V1;SIN TRATAMIENTO
00314 CASA Olavarría;02-MENOR A PUNTO DE PEDIDO;1036100;ZSTO;CONO FLEX. C/REFLECT. Y BASE CAUCHO 70CM;MR01;314;;V1;PICKEADO
00314 CASA Olavarría;02-MENOR A PUNTO DE PEDIDO;1041570;ZSTO;MORDAZAS PERFORADORA;MM01;26;;V1;ADJUDICADO
00314 CASA Olavarría;02-MENOR A PUNTO DE PEDIDO;1041725;ZSTO;"CUCHILLA (7′ X 8″ X 5/8″) X 15 Aguj 5/8""";MM01;26;;V1;ADJUDICADO
00314 CASA Olavarría;01-STOCK NULO;1001917;ZSTO;ESCOBILLON PLASTICO SIN CABO;MR01;314;;V1;RECEPCIONADO
00314 CASA Olavarría;01-STOCK NULO;1002339;ZSTO;PUNTA DAEMO CONICA X UN (GRUESA MART G;MM01;26;;V1;ADJUDICADO
00314 CASA Olavarría;01-STOCK NULO;1002591;ZSTO;FILTRO DE COMBUSTIBLE PRINCIPAL XU;MM01;26;;V1;#N/D
00314 CASA Olavarría;01-STOCK NULO;1002624;ZSTO;FILTRO GASOIL;MM01;26;;V1;#N/D
00314 CASA Olavarría;01-STOCK NULO;1002870;ZSTO;FILTRO ACEITE UNID. COMPRES.;MM01;26;;V1;SIN TRATAMIENTO
00314 CASA Olavarría;01-STOCK NULO;1003445;ZSTO;TOMA FUERZA XUN;MM01;26;;RE;ADJUDICADO
00314 CASA Olavarría;01-STOCK NULO;1003678;ZSTO;CHISEL (W P);MM01;26;;V1;SIN TRATAMIENTO
00314 CASA Olavarría;01-STOCK NULO;1003694;ZSTO;PIN STOP;MM01;26;;V1;#N/D
00314 CASA Olavarría;01-STOCK NULO;1003773;ZSTO;SENSOR;MM01;26;;RE;ADJUDICADO
00314 CASA Olavarría;01-STOCK NULO;1004459;ZSTO;EXTREMO DIRECCION IZQ/DER XUN;MM01;26;;RE;ADJUDICADO
00314 CASA Olavarría;01-STOCK NULO;1016255;ZSTO;Filtro Admision Interior;MM01;26;;V1;SIN TRATAMIENTO
00314 CASA Olavarría;01-STOCK NULO;1016262;ZSTO;Filtro Aire de Unidad Compresora Exterio;MM01;26;;V1;SIN TRATAMIENTO
00314 CASA Olavarría;01-STOCK NULO;1026196;ZSTO;PATIN DE CORREDERA BRONCE;MM01;26;;V1;#N/D
00314 CASA Olavarría;01-STOCK NULO;1035250;ZSCD;GRASA COBREADA BOMBEABLE X 23 KG.;MM01;26;;RE;#N/D
00314 CASA Olavarría;01-STOCK NULO;1036372;ZSTO;VARILLA MEDICION DE ACEITE MOTOR;MM01;26;;RE;ADJUDICADO
00341 Mov. Suelos San Luis;02-MENOR A PUNTO DE PEDIDO;1001687;ZSTO;ANTEOJO INCOLORO ECOLINEHC;MR01;341;;V1;#N/D
00341 Mov. Suelos San Luis;02-MENOR A PUNTO DE PEDIDO;1001708;ZSTO;GUANTE POLIAMIDA LAMINADO PALMAPU-TALLE9;MR01;341;;V1;EMBALADO
00341 Mov. Suelos San Luis;02-MENOR A PUNTO DE PEDIDO;1001790;ZSTO;ACEITE 15W40  X 205L;MM01;35;;V1;EMBALADO
00341 Mov. Suelos San Luis;02-MENOR A PUNTO DE PEDIDO;1001876;ZSTO;CINTA EMBALAR TRANSPARENTE 48MM X 100 MT;MR01;341;;V1;EMBALADO
00341 Mov. Suelos San Luis;02-MENOR A PUNTO DE PEDIDO;1001893;ZSTO;BOLSARESIDUPLASTICA60X90NEGRAXROLLOX10UN;MR01;341;;V1;EMBALADO
00341 Mov. Suelos San Luis;02-MENOR A PUNTO DE PEDIDO;1001927;ZSTO;DISCO CORTE 178X1.6X22 SECUR EXTRA  x UN;MR01;341;;V1;DESPACHADO
00341 Mov. Suelos San Luis;02-MENOR A PUNTO DE PEDIDO;1001954;ZSTO;SELLADOR ALTA TEMPERATURA;MR01;341;;V1;DESPACHADO
00341 Mov. Suelos San Luis;02-MENOR A PUNTO DE PEDIDO;1001961;ZSTO;CINTA AISLADORA NEGRA X10MT;MR01;341;;V1;#N/D
00341 Mov. Suelos San Luis;02-MENOR A PUNTO DE PEDIDO;1001970;ZSTO;ESMALTE SINT. AEROSOL NEGRO X440CC;MR01;341;;V1;#N/D
00341 Mov. Suelos San Luis;02-MENOR A PUNTO DE PEDIDO;1001971;ZSTO;ESMALTE SINT. AEROSOL ROJO X 440CC;MR01;341;;V1;#N/D
00341 Mov. Suelos San Luis;02-MENOR A PUNTO DE PEDIDO;1002016;ZSTO;PANTALON JEAN T.48;MR01;341;;V1;EMBALADO
00341 Mov. Suelos San Luis;02-MENOR A PUNTO DE PEDIDO;1003088;ZSTO;FILTRO AIRE;MM01;35;;V1;SIN TRATAMIENTO
00341 Mov. Suelos San Luis;02-MENOR A PUNTO DE PEDIDO;1013578;ZSSD;FUSIBLE PLANO 10AMP. XUN;MM01;35;;V1;EMBALADO
00341 Mov. Suelos San Luis;02-MENOR A PUNTO DE PEDIDO;1015792;ZSSD;FUSIBLE PLANO 15AMP. X1UN;MM01;35;;V1;EMBALADO
00341 Mov. Suelos San Luis;02-MENOR A PUNTO DE PEDIDO;1015865;ZSSD;TOALLAS PAPEL X CAJA X 2500 UNID;MR01;341;;V1;ADJUDICADO
00341 Mov. Suelos San Luis;02-MENOR A PUNTO DE PEDIDO;1016918;ZSSD;PRECINTOS NYLON 4,8 X 250 MM NEGROS X100;MR01;341;;V1;#N/D
00341 Mov. Suelos San Luis;02-MENOR A PUNTO DE PEDIDO;1016919;ZSSD;LUBRICANTE MULTIUSO WD-40 440CC;MR01;341;;V1;#N/D
00341 Mov. Suelos San Luis;02-MENOR A PUNTO DE PEDIDO;1016920;ZSSD;SOGA NAUTICA 12MM;MR01;341;;V1;ADJUDICADO
00341 Mov. Suelos San Luis;02-MENOR A PUNTO DE PEDIDO;1016939;ZSSD;DESODORANTE LIQUIDO P PISO X5LT;MR01;341;;V1;SIN TRATAMIENTO
00341 Mov. Suelos San Luis;02-MENOR A PUNTO DE PEDIDO;1016940;ZSSD;DESODORANTE EN AEROSOL;MR01;341;;V1;#N/D
00341 Mov. Suelos San Luis;02-MENOR A PUNTO DE PEDIDO;1016946;ZSSD;TALO LIBRETA DE MAQUINISTA 50H X DUPLICA;MR01;341;;V1;ADJUDICADO
00341 Mov. Suelos San Luis;02-MENOR A PUNTO DE PEDIDO;1016948;ZSSD;AEROSOL DESINFECTANTE ANTIBACT 360ML;MR01;341;;V1;ADJUDICADO
00341 Mov. Suelos San Luis;02-MENOR A PUNTO DE PEDIDO;1016965;ZSSD;PORTABLOCK ACRILICO C CLIP SUPERIOR;MR01;341;;V1;ADJUDICADO
00341 Mov. Suelos San Luis;02-MENOR A PUNTO DE PEDIDO;1017010;ZSSD;BOLIGRAFO TRAZO FINO AZUL;MR01;341;;V1;#N/D
00341 Mov. Suelos San Luis;02-MENOR A PUNTO DE PEDIDO;1017013;ZSSD;CORRECTOR LAPIZ 7MM;MR01;341;;V1;ADJUDICADO
00341 Mov. Suelos San Luis;02-MENOR A PUNTO DE PEDIDO;1017042;ZSSD;LAVANDINA X5LT;MR01;341;;V1;#N/D
00341 Mov. Suelos San Luis;02-MENOR A PUNTO DE PEDIDO;1017048;ZSSD;FRANELA;MR01;341;;V1;#N/D
00341 Mov. Suelos San Luis;02-MENOR A PUNTO DE PEDIDO;1017068;ZSSD;CINTA REFLECTIVA BLANCA XMT;MR01;341;;V1;SIN TRATAMIENTO
00341 Mov. Suelos San Luis;02-MENOR A PUNTO DE PEDIDO;1017069;ZSSD;CINTA REFLECTIVA ROJA XMT;MR01;341;;V1;SIN TRATAMIENTO
00341 Mov. Suelos San Luis;02-MENOR A PUNTO DE PEDIDO;1017081;ZSSD;PRECINTOS NYLON 7.6 X 300 MM NEGROS X100;MR01;341;;V1;ADJUDICADO
00341 Mov. Suelos San Luis;02-MENOR A PUNTO DE PEDIDO;1017218;ZSSD;LAMPAZO;MR01;341;;V1;ADJUDICADO
00341 Mov. Suelos San Luis;02-MENOR A PUNTO DE PEDIDO;1017236;ZSSD;"LUSTRAMUEBLES ""BLEM"" - ORIGINAL XUN";MR01;341;;V1;#N/D
00341 Mov. Suelos San Luis;01-STOCK NULO;1002408;ZSTO;SEGMENTOS DE CORTE CENTRAL;MM01;35;;V1;SIN TRATAMIENTO
00341 Mov. Suelos San Luis;01-STOCK NULO;1002902;ZSTO;FILTRO HABITACULO XUN;MM01;35;;V1;EMBALADO
00341 Mov. Suelos San Luis;01-STOCK NULO;1003176;ZSTO;FILTRO A A CABINA INTERIOR;MM01;35;;V1;SIN TRATAMIENTO
00341 Mov. Suelos San Luis;01-STOCK NULO;1003360;ZSTO;FILTRO A A CABINA EXTERIOR;MM01;35;;V1;EMBALADO
00341 Mov. Suelos San Luis;01-STOCK NULO;1004030;ZSTO;LAMPARA 24V-5W S CULOTE XUN;MM01;35;;V1;EMBALADO
00341 Mov. Suelos San Luis;01-STOCK NULO;1017050;ZSSD;BOBINA PAPEL 25CM 400MT;MR01;341;;V1;#N/D
00341 Mov. Suelos San Luis;01-STOCK NULO;1028006;ZSTO;KIT DE EMBRAGUE VW;MM01;35;;V1;#N/D
00365 RIO TINTO;02-MENOR A PUNTO DE PEDIDO;1001682;ZSTO;MAMELUCODE CLAMINADOL XL60GRBLANCO;U365;365;;V1;SIN TRATAMIENTO
00365 RIO TINTO;02-MENOR A PUNTO DE PEDIDO;1001778;ZSTO;YERBA MATE X 500GRS X UN;U365;365;;V1;ADJUDICADO
00365 RIO TINTO;02-MENOR A PUNTO DE PEDIDO;1001790;ZSTO;ACEITE 15W40  X 205L;U365;365;;V1;#N/D
00365 RIO TINTO;02-MENOR A PUNTO DE PEDIDO;1001791;ZSTO;ACEITE SAE 30 X 205L;U365;365;;V1;SIN TRATAMIENTO
00365 RIO TINTO;02-MENOR A PUNTO DE PEDIDO;1001794;ZSTO;ACEITE HIPOIDAL X 205L;U365;365;;V1;#N/D
00365 RIO TINTO;02-MENOR A PUNTO DE PEDIDO;1001814;ZSTO;LIQUIDO FRENO X1LT;U365;365;;V1;SIN TRATAMIENTO
00365 RIO TINTO;02-MENOR A PUNTO DE PEDIDO;1001815;ZSTO;AGUA DESMINERALIZADA X 20L;U365;365;;V1;#N/D
00365 RIO TINTO;02-MENOR A PUNTO DE PEDIDO;1001827;ZSTO;CUBIERTA 12.00 R20 FG85 (lineal);U365;365;;V1;#N/D
00365 RIO TINTO;02-MENOR A PUNTO DE PEDIDO;1001834;ZSTO;CUBIERTA 265 65 17 DUELER A T 693;U365;365;;V1;#N/D
00365 RIO TINTO;02-MENOR A PUNTO DE PEDIDO;1001841;ZSTO;CAMARA 12.00 R20;U365;365;;V1;ADJUDICADO
00365 RIO TINTO;02-MENOR A PUNTO DE PEDIDO;1001845;ZSTO;CUBIERTA 400 80-24 20 PR162A8 18TELY4750;U365;365;;V1;#N/D
00365 RIO TINTO;02-MENOR A PUNTO DE PEDIDO;1001867;ZSTO;MARCADOR INDUSTRIAL-BLANCOXUN;U365;365;;V1;SIN TRATAMIENTO
00365 RIO TINTO;02-MENOR A PUNTO DE PEDIDO;1001871;ZSTO;RESMA DE HOJA A4 70GR. X UN;U365;365;;V1;SIN TRATAMIENTO
00365 RIO TINTO;02-MENOR A PUNTO DE PEDIDO;1001891;ZSTO;PANOABSORVENTE PARAHIDROCARBUROXPAQ100;U365;365;;V1;SIN TRATAMIENTO
00365 RIO TINTO;02-MENOR A PUNTO DE PEDIDO;1001898;ZSTO;BOBINA DE PAPEL 25 X 400MTS X UN;U365;365;;V1;ADJUDICADO
00365 RIO TINTO;02-MENOR A PUNTO DE PEDIDO;1001961;ZSTO;CINTA AISLADORA NEGRA X10MT;U365;365;;V1;#N/D
00365 RIO TINTO;02-MENOR A PUNTO DE PEDIDO;1001963;ZSTO;CINTA AISLADORA VERDE X10MT;U365;365;;V1;#N/D
00365 RIO TINTO;02-MENOR A PUNTO DE PEDIDO;1001964;ZSTO;CINTA AISLADORA BLANCA;U365;365;;V1;#N/D
00365 RIO TINTO;02-MENOR A PUNTO DE PEDIDO;1002013;ZSTO;PANTALON JEAN T.42;U365;365;;V1;ADJUDICADO
00365 RIO TINTO;02-MENOR A PUNTO DE PEDIDO;1002015;ZSTO;PANTALON JEAN T.46;U365;365;;V1;ADJUDICADO
00365 RIO TINTO;02-MENOR A PUNTO DE PEDIDO;1002016;ZSTO;PANTALON JEAN T.48;U365;365;;V1;ADJUDICADO
00365 RIO TINTO;02-MENOR A PUNTO DE PEDIDO;1002017;ZSTO;PANTALON JEAN T.50;U365;365;;V1;ADJUDICADO
00365 RIO TINTO;02-MENOR A PUNTO DE PEDIDO;1002101;ZSTO;CORREA ALTERNADOR STRAL;U365;365;;V1;#N/D
00365 RIO TINTO;02-MENOR A PUNTO DE PEDIDO;1002171;ZSTO;CORREA VENTILADOR XUN;U365;365;;RE;#N/D
00365 RIO TINTO;02-MENOR A PUNTO DE PEDIDO;1002190;ZSTO;CORREA AIRE ACONDICIONADO;U365;365;;RE;#N/D
00365 RIO TINTO;02-MENOR A PUNTO DE PEDIDO;1002203;ZSTO;CORREA POLI-V;U365;365;;RE;#N/D
00365 RIO TINTO;02-MENOR A PUNTO DE PEDIDO;1002204;ZSTO;CORREA ALTERNADOR;U365;365;;RE;#N/D
00365 RIO TINTO;02-MENOR A PUNTO DE PEDIDO;1002207;ZSTO;CORREA ALTERNADOR;U365;365;;RE;#N/D
00365 RIO TINTO;02-MENOR A PUNTO DE PEDIDO;1002211;ZSTO;CORREA VENTILADOR;U365;365;;V1;DESPACHADO
00365 RIO TINTO;02-MENOR A PUNTO DE PEDIDO;1002212;ZSTO;CORREA DE ALTERNADOR;U365;365;;V1;CUMPLIDO PARCIAL
00365 RIO TINTO;02-MENOR A PUNTO DE PEDIDO;1002274;ZSTO;CUCHILLA 7′ X 8″ X 5/8″ X 3/4″;U365;365;;V1;EMBALADO
00365 RIO TINTO;02-MENOR A PUNTO DE PEDIDO;1002302;ZSTO;BRAZO ESCARIFICADOR CAT;U365;365;;V1;#N/D
00365 RIO TINTO;02-MENOR A PUNTO DE PEDIDO;1002515;ZSTO;FILTRO ACEITE XUN;U365;365;;V1;#N/D
00365 RIO TINTO;02-MENOR A PUNTO DE PEDIDO;1002527;ZSTO;FILTRO AIRE CABINA;U365;365;;V1;#N/D
00365 RIO TINTO;02-MENOR A PUNTO DE PEDIDO;1002532;ZSTO;FILTRO RESPIRADERO XUN;U365;365;;V1;#N/D
00365 RIO TINTO;02-MENOR A PUNTO DE PEDIDO;1002547;ZSTO;FILTRO HIDRAULICO X UN;U365;365;;V1;#N/D
00365 RIO TINTO;02-MENOR A PUNTO DE PEDIDO;1002566;ZSTO;FILTRO LINEA COMBUSTIBLE;U365;365;;V1;#N/D
00365 RIO TINTO;02-MENOR A PUNTO DE PEDIDO;1002611;ZSTO;FILTRO CABINA;U365;365;;V1;#N/D
00365 RIO TINTO;02-MENOR A PUNTO DE PEDIDO;1002612;ZSTO;FILTRO AIRE JOHN DEERE;U365;365;;V1;#N/D
00365 RIO TINTO;02-MENOR A PUNTO DE PEDIDO;1002682;ZSTO;FILTRO ACEITE MOTOR XUN;U365;365;;V1;#N/D
00365 RIO TINTO;02-MENOR A PUNTO DE PEDIDO;1002700;ZSTO;FILTRO DE ACEITE MOTOR;U365;365;;V1;#N/D
00365 RIO TINTO;02-MENOR A PUNTO DE PEDIDO;1002705;ZSTO;FILTRO AIRE XUN;U365;365;;V1;SIN TRATAMIENTO
00365 RIO TINTO;02-MENOR A PUNTO DE PEDIDO;1002716;ZSTO;FILTRO TRAMPA AGUA;U365;365;;V1;#N/D
00365 RIO TINTO;02-MENOR A PUNTO DE PEDIDO;1002733;ZSTO;FILTRO AIRE CABINA XUN;U365;365;;V1;INCOMPLETO
00365 RIO TINTO;02-MENOR A PUNTO DE PEDIDO;1002735;ZSTO;FILTRO AIRE PRIMARIO XUN;U365;365;;V1;#N/D
00365 RIO TINTO;02-MENOR A PUNTO DE PEDIDO;1002736;ZSTO;FILTRO TANQUE HIDRAULICO XUN;U365;365;;V1;#N/D
00365 RIO TINTO;02-MENOR A PUNTO DE PEDIDO;1002745;ZSTO;FILTRO AIRE CABINA;U365;365;;V1;#N/D
00365 RIO TINTO;02-MENOR A PUNTO DE PEDIDO;1002746;ZSTO;UNIDAD SELLO FILTRO HIDRAULICO;U365;365;;V1;#N/D
00365 RIO TINTO;02-MENOR A PUNTO DE PEDIDO;1002780;ZSTO;FILTRO AIRE 1;U365;365;;V1;#N/D
00365 RIO TINTO;02-MENOR A PUNTO DE PEDIDO;1002812;ZSTO;CF600 1;U365;365;;V1;#N/D
00365 RIO TINTO;02-MENOR A PUNTO DE PEDIDO;1002819;ZSTO;FILTRO CABINA FIAT STRALIS 420;U365;365;;V1;#N/D
00365 RIO TINTO;02-MENOR A PUNTO DE PEDIDO;1002822;ZSTO;FILTRO COMBUSTIBLE VOLVO;U365;365;;V1;#N/D
00365 RIO TINTO;02-MENOR A PUNTO DE PEDIDO;1002923;ZSTO;FILTRO COMBUSTIBLE;U365;365;;V1;#N/D
00365 RIO TINTO;02-MENOR A PUNTO DE PEDIDO;1002932;ZSTO;FILTRO ACEITE;U365;365;;V1;#N/D
00365 RIO TINTO;02-MENOR A PUNTO DE PEDIDO;1002936;ZSTO;FILTRO AIRE CABINA;U365;365;;V1;#N/D
00365 RIO TINTO;02-MENOR A PUNTO DE PEDIDO;1002937;ZSTO;FILTRO AIRE ACONDICIONADO CABINA EX;U365;365;;V1;#N/D
00365 RIO TINTO;02-MENOR A PUNTO DE PEDIDO;1002938;ZSTO;FILTRO HIDRAULICO RETORNO;U365;365;;V1;#N/D
00365 RIO TINTO;02-MENOR A PUNTO DE PEDIDO;1002971;ZSTO;FILTRO DE TRANSMISION CAT;U365;365;;V1;INCOMPLETO
00365 RIO TINTO;02-MENOR A PUNTO DE PEDIDO;1002996;ZSTO;FILTRO RESP DE TANQUE;U365;365;;V1;ADJUDICADO
00365 RIO TINTO;02-MENOR A PUNTO DE PEDIDO;1002997;ZSTO;FILTRO CABINA INTERIOR;U365;365;;V1;ADJUDICADO
00365 RIO TINTO;02-MENOR A PUNTO DE PEDIDO;1003026;ZSTO;FILTRO SEPARADOR DE AGUA;U365;365;;V1;INCOMPLETO
00365 RIO TINTO;02-MENOR A PUNTO DE PEDIDO;1003027;ZSTO;ELEMENTO FILTRO DE ACEITE;U365;365;;V1;DESPACHADO
00365 RIO TINTO;02-MENOR A PUNTO DE PEDIDO;1003031;ZSTO;FILTRO DE COMBUSTIBLE;U365;365;;V1;SIN TRATAMIENTO
00365 RIO TINTO;02-MENOR A PUNTO DE PEDIDO;1003032;ZSTO;FILTRO TRAMPA DE AGUA;U365;365;;V1;#N/D
00365 RIO TINTO;02-MENOR A PUNTO DE PEDIDO;1003033;ZSTO;FILTRO DE ACEITE MOTOR;U365;365;;V1;#N/D
00365 RIO TINTO;02-MENOR A PUNTO DE PEDIDO;1003058;ZSTO;KIT FILTRO COMBUSTIBLE COMPLETO;U365;365;;V1;INCOMPLETO
00365 RIO TINTO;02-MENOR A PUNTO DE PEDIDO;1003069;ZSTO;SECANTE CSA 2018;U365;365;;V1;#N/D
00365 RIO TINTO;02-MENOR A PUNTO DE PEDIDO;1003094;ZSTO;FILTRO DE DRENAJE BOMBA;U365;365;;V1;#N/D
00365 RIO TINTO;02-MENOR A PUNTO DE PEDIDO;1003126;ZSTO;FILTRO SECADO DE AIRE;U365;365;;V1;#N/D
00365 RIO TINTO;02-MENOR A PUNTO DE PEDIDO;1003144;ZSTO;FILTRO HIDRAULICO PILOTO;U365;365;;V1;#N/D
00365 RIO TINTO;02-MENOR A PUNTO DE PEDIDO;1003161;ZSTO;FILTRO DE RETORNO;U365;365;;V1;#N/D
00365 RIO TINTO;02-MENOR A PUNTO DE PEDIDO;1003169;ZSTO;FILTRO TRAMPA DE AGUA;U365;365;;V1;#N/D
00365 RIO TINTO;02-MENOR A PUNTO DE PEDIDO;1003198;ZSTO;FILTRO ACEITE HIDRAULICO;U365;365;;V1;#N/D
00365 RIO TINTO;02-MENOR A PUNTO DE PEDIDO;1003238;ZSTO;FILTRO TRAMPA DE AGUA;U365;365;;V1;#N/D
00365 RIO TINTO;02-MENOR A PUNTO DE PEDIDO;1003246;ZSTO;FILTRO DE TANQUE HIDRAULICO;U365;365;;V1;#N/D
00365 RIO TINTO;02-MENOR A PUNTO DE PEDIDO;1003300;ZSTO;FILTRO DOSIFICACION DE UREA (COLADOR);U365;365;;V1;#N/D
00365 RIO TINTO;02-MENOR A PUNTO DE PEDIDO;1003301;ZSTO;FILTRO DE TANQUE;U365;365;;V1;#N/D
00365 RIO TINTO;02-MENOR A PUNTO DE PEDIDO;1003348;ZSTO;FILTRO ACEITE GE.AMAN (BAJO);U365;365;;V1;DESPACHADO
00365 RIO TINTO;02-MENOR A PUNTO DE PEDIDO;1003373;ZSTO;FILTROAIREACONDCABINAEXTERIORINTERIOR;U365;365;;V1;PICKEADO
00365 RIO TINTO;02-MENOR A PUNTO DE PEDIDO;1003904;ZSTO;SUPLEMENTO GUIA;U365;365;;V1;#N/D
00365 RIO TINTO;02-MENOR A PUNTO DE PEDIDO;1003953;ZSTO;BATERIA 12V 75AMP;U365;365;;RE;#N/D
00365 RIO TINTO;02-MENOR A PUNTO DE PEDIDO;1003954;ZSTO;BATERIA 12V 180AMP;U365;365;;RE;#N/D
00365 RIO TINTO;02-MENOR A PUNTO DE PEDIDO;1004014;ZSTO;LAMPARA 12V-H7 55W X UN;U365;365;;V1;#N/D
00365 RIO TINTO;02-MENOR A PUNTO DE PEDIDO;1015782;ZSSD;CINTA REFLECTIVA BLANCA X MTS;U365;365;;V1;#N/D
00365 RIO TINTO;02-MENOR A PUNTO DE PEDIDO;1015800;ZSSD;GUANTE VAQUETA MEDIO PASEO FORRADO X PAR;U365;365;;V1;ADJUDICADO
00365 RIO TINTO;02-MENOR A PUNTO DE PEDIDO;1015925;ZSCD;KRIOX 3 - REFRIGERANTE ANTICONG. X20 LT;U365;365;;V1;#N/D
00365 RIO TINTO;02-MENOR A PUNTO DE PEDIDO;1015982;ZSCD;CAMISA JEAN T.42;U365;365;;V1;ADJUDICADO
00365 RIO TINTO;02-MENOR A PUNTO DE PEDIDO;1015983;ZSCD;CAMISA JEAN T.44;U365;365;;V1;SIN TRATAMIENTO
00365 RIO TINTO;02-MENOR A PUNTO DE PEDIDO;1015987;ZSCD;CAMISA JEAN T.50;U365;365;;V1;#N/D
00365 RIO TINTO;02-MENOR A PUNTO DE PEDIDO;1016074;ZSTO;UÑA BALDE HEAVY DUTY  - 66ARXE;U365;365;;V1;#N/D
00365 RIO TINTO;02-MENOR A PUNTO DE PEDIDO;1016075;ZSTO;TRABA UÑA BALDE - 66P;U365;365;;V1;#N/D
00365 RIO TINTO;02-MENOR A PUNTO DE PEDIDO;1016168;ZSTO;FILTRO LINEA MARTILLO HIDRAULICO;U365;365;;V1;#N/D
00365 RIO TINTO;02-MENOR A PUNTO DE PEDIDO;1016196;ZSTO;CUBIERTA TRASERO 13 R 22.5;U365;365;;V1;#N/D
00365 RIO TINTO;02-MENOR A PUNTO DE PEDIDO;1016469;ZSCD;JARDINERO/PANTALON TERMICO T.XXL;U365;365;;V1;#N/D
00365 RIO TINTO;02-MENOR A PUNTO DE PEDIDO;1016645;ZSSD;CMASTRA FILTRO DE AIRE PRIMARIO;U365;365;;V1;SIN TRATAMIENTO
00365 RIO TINTO;02-MENOR A PUNTO DE PEDIDO;1016646;ZSSD;CMASTRA FILTRO DE AIRE SECUNDARIO;U365;365;;V1;ADJUDICADO
00365 RIO TINTO;02-MENOR A PUNTO DE PEDIDO;1016647;ZSSD;CMASTRA TRAMPA DE AGUA;U365;365;;V1;#N/D
00365 RIO TINTO;02-MENOR A PUNTO DE PEDIDO;1016650;ZSSD;CMASTRA FILTRO ACEITE DE MOTOR;U365;365;;V1;SIN TRATAMIENTO
00365 RIO TINTO;02-MENOR A PUNTO DE PEDIDO;1016652;ZSSD;CMASTRA FILTRO DE CABINA;U365;365;;V1;CUMPLIDO PARCIAL
00365 RIO TINTO;02-MENOR A PUNTO DE PEDIDO;1016655;ZSSD;CMASTRA CORREA ALTERNADOR;U365;365;;RE;#N/D
00365 RIO TINTO;02-MENOR A PUNTO DE PEDIDO;1016698;ZSSD;HC119VENTILADOR;U365;365;;V1;#N/D
00365 RIO TINTO;02-MENOR A PUNTO DE PEDIDO;1017010;ZSSD;BOLIGRAFO TRAZO FINO AZUL;U365;365;;V1;SIN TRATAMIENTO
00365 RIO TINTO;02-MENOR A PUNTO DE PEDIDO;1017047;ZSSD;TRAPO REJILLA;U365;365;;V1;SIN TRATAMIENTO
00365 RIO TINTO;02-MENOR A PUNTO DE PEDIDO;1017049;ZSSD;TRAPO DE PISO REFORZADO;U365;365;;V1;ADJUDICADO
00365 RIO TINTO;02-MENOR A PUNTO DE PEDIDO;1018265;ZSSD;FILTRO DE AIRE PRIMARIO;U365;365;;V1;ADJUDICADO
00365 RIO TINTO;02-MENOR A PUNTO DE PEDIDO;1018266;ZSSD;FILTRO DE AIRE SECUNDARIO;U365;365;;V1;SIN TRATAMIENTO
00365 RIO TINTO;02-MENOR A PUNTO DE PEDIDO;1018267;ZSSD;FILTRO DE COMBUSTIBLE;U365;365;;V1;SIN TRATAMIENTO
00365 RIO TINTO;02-MENOR A PUNTO DE PEDIDO;1018268;ZSSD;CORREA DE COMPRESOR A/A;U365;365;;RE;SIN TRATAMIENTO
00365 RIO TINTO;01-STOCK NULO;1018496;ZSSD;FILTRO DE ACEITE;U365;365;;V1;#N/D
00365 RIO TINTO;02-MENOR A PUNTO DE PEDIDO;1018581;ZSSD;TUERCAS;U365;365;;V1;#N/D
00365 RIO TINTO;02-MENOR A PUNTO DE PEDIDO;1018590;ZSSD;FILTRO ACEITE MOTOR;U365;365;;V1;#N/D
00365 RIO TINTO;01-STOCK NULO;1018592;ZSSD;FILTRO DE CABINA (A/A);U365;365;;V1;PICKEADO
00365 RIO TINTO;02-MENOR A PUNTO DE PEDIDO;1018847;ZSSD;FILTRO DE COMBUSTIBLE;U365;365;;V1;SIN TRATAMIENTO
00365 RIO TINTO;02-MENOR A PUNTO DE PEDIDO;1018900;ZSSD;FILTRO EXTERNO (A/A);U365;365;;V1;ADJUDICADO
00365 RIO TINTO;02-MENOR A PUNTO DE PEDIDO;1021954;ZSTO;TONER HP 105A;U365;365;;V1;SIN TRATAMIENTO
00365 RIO TINTO;02-MENOR A PUNTO DE PEDIDO;1022791;ZSTO;CORREA;U365;365;;V1;#N/D
00365 RIO TINTO;02-MENOR A PUNTO DE PEDIDO;1022808;ZSTO;CORREA ALTERNADOR;U365;365;;V1;#N/D
00365 RIO TINTO;02-MENOR A PUNTO DE PEDIDO;1022893;ZSTO;DESGARRADOR;U365;365;;V1;#N/D
00365 RIO TINTO;02-MENOR A PUNTO DE PEDIDO;1022897;ZSTO;DIENTE;U365;365;;V1;#N/D
00365 RIO TINTO;02-MENOR A PUNTO DE PEDIDO;1023164;ZSTO;INSERTO CORREDERA CUCHILLA;U365;365;;V1;EMBALADO
00365 RIO TINTO;02-MENOR A PUNTO DE PEDIDO;1026601;ZSTO;CUBIERTA 23.1-26;U365;365;;RE;#N/D
00365 RIO TINTO;02-MENOR A PUNTO DE PEDIDO;1027642;ZSSD;BULON;U365;365;;V1;#N/D
00365 RIO TINTO;02-MENOR A PUNTO DE PEDIDO;1027659;ZSSD;TUERCA;U365;365;;V1;#N/D
00365 RIO TINTO;02-MENOR A PUNTO DE PEDIDO;1027888;ZSSD;SEGUROS KOBELCO K25;U365;365;;V1;SIN TRATAMIENTO
00365 RIO TINTO;02-MENOR A PUNTO DE PEDIDO;1028136;ZSSD;FILTRO COMBUSTIBLE;U365;365;;V1;ADJUDICADO
00365 RIO TINTO;02-MENOR A PUNTO DE PEDIDO;1028158;ZSSD;FILTRO DE COMBUSTIBLE;U365;365;;V1;#N/D
00365 RIO TINTO;02-MENOR A PUNTO DE PEDIDO;1029360;ZSTO;CUBIERTA FR 85 275/80 R 22.5 - DELANTERA;U365;365;;V1;#N/D
00365 RIO TINTO;02-MENOR A PUNTO DE PEDIDO;1030024;ZSSD;FILTRO DE COMBUSTIBLE;U365;365;;V1;SIN TRATAMIENTO
00365 RIO TINTO;02-MENOR A PUNTO DE PEDIDO;1033307;ZSSD;FILTRO DE TRANSMISION;U365;365;;V1;ADJUDICADO
00365 RIO TINTO;02-MENOR A PUNTO DE PEDIDO;1033329;ZSSD;CUCHILLAS 15 AGUJEROS;U365;365;;V1;SIN TRATAMIENTO
00365 RIO TINTO;02-MENOR A PUNTO DE PEDIDO;1033788;ZSSD;PASADOR;U365;365;;V1;#N/D
00365 RIO TINTO;02-MENOR A PUNTO DE PEDIDO;1042122;ZSCD;CAMISA JEAN T.38;U365;365;;V1;ADJUDICADO
00365 RIO TINTO;02-MENOR A PUNTO DE PEDIDO;1042183;ZSSD;CUBIERTA 385/65 R22.5 LINEAL;U365;365;;RE;#N/D
00365 RIO TINTO;02-MENOR A PUNTO DE PEDIDO;1042722;ZSTO;FILTRO TRAMPA DE AGUA;U365;365;;V1;CUMPLIDO PARCIAL
00365 RIO TINTO;02-MENOR A PUNTO DE PEDIDO;1042751;ZSTO;FILTRO DEPOSITO HIDRAULICO;U365;365;;V1;ADJUDICADO
00365 RIO TINTO;02-MENOR A PUNTO DE PEDIDO;1042752;ZSTO;FILTRO DE AIRE TANQUE HIDRAULICO;U365;365;;V1;ADJUDICADO
00365 RIO TINTO;02-MENOR A PUNTO DE PEDIDO;1042754;ZSTO;FILTRO MAGNETICO;U365;365;;V1;ADJUDICADO
00365 RIO TINTO;02-MENOR A PUNTO DE PEDIDO;1042756;ZSTO;FILTRO MAGNETICO;U365;365;;V1;ADJUDICADO
00365 RIO TINTO;02-MENOR A PUNTO DE PEDIDO;1042782;ZSTO;FILTRO DE CABINA;U365;365;;V1;SIN TRATAMIENTO
00365 RIO TINTO;02-MENOR A PUNTO DE PEDIDO;1042786;ZSTO;FILTRO HIDRAULICO DE ALTA PRESION;U365;365;;V1;ADJUDICADO
00365 RIO TINTO;01-STOCK NULO;1001679;ZSTO;FICHA T.STECK MACHO 220V 16A 2P T XUN;U365;365;;V1;ADJUDICADO
00365 RIO TINTO;01-STOCK NULO;1001706;ZSTO;GUANTE LATEX USO MEDICINAL CAJA X 100 UN;U365;365;;V1;SIN TRATAMIENTO
00365 RIO TINTO;01-STOCK NULO;1001866;ZSTO;MARCADOR INDUSTRIAL-NEGROXUN;U365;365;;V1;SIN TRATAMIENTO
00365 RIO TINTO;01-STOCK NULO;1002186;ZSTO;CORREA VENTILADOR;U365;365;;V1;DESPACHADO
00365 RIO TINTO;01-STOCK NULO;1002298;ZSTO;TRABA PROT. RIPPER XUN;U365;365;;V1;ADJUDICADO
00365 RIO TINTO;01-STOCK NULO;1002353;ZSTO;TUERCA 5 8;U365;365;;V1;CUMPLIDO PARCIAL
00365 RIO TINTO;01-STOCK NULO;1002606;ZSTO;FILTRO COMBUSTIBLE X UN;U365;365;;V1;INCOMPLETO
00365 RIO TINTO;01-STOCK NULO;1002610;ZSTO;FILTRO AIRE SECUNDARIO;U365;365;;V1;INCOMPLETO
00365 RIO TINTO;01-STOCK NULO;1002628;ZSTO;FILTRO AIRE CABINA XUN;U365;365;;V1;INCOMPLETO
00365 RIO TINTO;01-STOCK NULO;1002740;ZSTO;FILTRO HIDRAULICO;U365;365;;V1;#N/D
00365 RIO TINTO;01-STOCK NULO;1002771;ZSTO;FILTRO ACEITE;U365;365;;V1;EMBALADO
00365 RIO TINTO;01-STOCK NULO;1002889;ZSTO;FILTRO COMBUSTIBLE;U365;365;;V1;#N/D
00365 RIO TINTO;01-STOCK NULO;1002920;ZSTO;FILTRO TRAMPA DE AGUA;U365;365;;V1;INCOMPLETO
00365 RIO TINTO;01-STOCK NULO;1003057;ZSTO;ELEMENTO FILTRO DE AIRE PRIMARIO;U365;365;;V1;ADJUDICADO
00365 RIO TINTO;01-STOCK NULO;1004030;ZSTO;LAMPARA 24V-5W S CULOTE XUN;U365;365;;V1;EMBALADO
00365 RIO TINTO;01-STOCK NULO;1004042;ZSTO;LAMPARA 24V-H7 70W X UN;U365;365;;V1;INCOMPLETO
00365 RIO TINTO;01-STOCK NULO;1004265;ZSTO;KIT DE 6 MUESTRAS DE ACEITE CON MANGUERA;U365;365;;V1;#N/D
00365 RIO TINTO;01-STOCK NULO;1015783;ZSSD;CINTA REFLECTIVA ROJA X MTS;U365;365;;V1;#N/D
00365 RIO TINTO;01-STOCK NULO;1015933;ZSCD;ACEITE ISO 46 HIDRAULICO BP46 x 205L;U365;365;;V1;#N/D
00365 RIO TINTO;01-STOCK NULO;1016699;ZSSD;HC119ALTERNADOR;U365;365;;V1;#N/D
00365 RIO TINTO;01-STOCK NULO;1016700;ZSSD;HC119AIRE ACONDICIONADO;U365;365;;V1;SIN TRATAMIENTO
00365 RIO TINTO;01-STOCK NULO;1016919;ZSSD;LUBRICANTE MULTIUSO WD-40 440CC;U365;365;;V1;#N/D
00365 RIO TINTO;01-STOCK NULO;1016955;ZSSD;SOGA NAUTICA 10MM;U365;365;;V1;#N/D
00365 RIO TINTO;01-STOCK NULO;1016999;ZSSD;BOLIGRAFO TRAZO GRUESO AZUL;U365;365;;V1;#N/D
00365 RIO TINTO;01-STOCK NULO;1017003;ZSSD;BATERIA 9V;U365;365;;V1;SIN TRATAMIENTO
00365 RIO TINTO;01-STOCK NULO;1017038;ZSSD;CAJA ARCHIVO 42X32,5X26CM;U365;365;;V1;#N/D
00365 RIO TINTO;01-STOCK NULO;1017108;ZSSD;ESTACA 1PGX1PGX1 MTS;U365;365;;V1;#N/D
00365 RIO TINTO;01-STOCK NULO;1018435;ZSSD;460E LIQUIDO LAVA PARABRISAS;U365;365;;RE;#N/D
00365 RIO TINTO;01-STOCK NULO;1018497;ZSSD;FILTRO COMBUSTIBLE;U365;365;;V1;ADJUDICADO
00365 RIO TINTO;01-STOCK NULO;1018855;ZSSD;FILTRO COLADOR TANQUE DE COMBUSTIBLE;U365;365;;V1;ADJUDICADO
00365 RIO TINTO;01-STOCK NULO;1018856;ZSSD;CORREA DE COMPRESOR A/A;U365;365;;V1;ADJUDICADO
00365 RIO TINTO;01-STOCK NULO;1018857;ZSSD;CORREA DEL VENTILADOR;U365;365;;V1;ADJUDICADO
00365 RIO TINTO;01-STOCK NULO;1018864;ZSSD;CORREA ALTERNADOR;U365;365;;V1;ADJUDICADO
00365 RIO TINTO;01-STOCK NULO;1018867;ZSSD;UÑA;U365;365;;V1;SIN TRATAMIENTO
00365 RIO TINTO;01-STOCK NULO;1018869;ZSSD;CANTONERA HENSLEY;U365;365;;V1;SIN TRATAMIENTO
00365 RIO TINTO;01-STOCK NULO;1018901;ZSSD;FILTRO HIDRAULICO (STRAINER);U365;365;;V1;ADJUDICADO
00365 RIO TINTO;01-STOCK NULO;1018903;ZSSD;FILTRO COLADOR TANQUE DE COMBUSTIBLE;U365;365;;V1;ADJUDICADO
00365 RIO TINTO;01-STOCK NULO;1018911;ZSSD;FILTRO COLADOR COMBUSTIBLE;U365;365;;V1;ADJUDICADO
00365 RIO TINTO;01-STOCK NULO;1018921;ZSSD;FILTRO SECANTE DE FRENOS;U365;365;;V1;ADJUDICADO
00365 RIO TINTO;01-STOCK NULO;1025996;ZSSD;FILTRO HIDRAULICO;U365;365;;V1;#N/D
00365 RIO TINTO;01-STOCK NULO;1025997;ZSSD;FILTRO HIDRAULICO;U365;365;;V1;ADJUDICADO
00365 RIO TINTO;01-STOCK NULO;1025998;ZSSD;FILTRO HIDRAULICO;U365;365;;V1;ADJUDICADO
00365 RIO TINTO;01-STOCK NULO;1027021;ZSTO;Aceite Caja de Engranaje 85W90 GL-5;U365;365;;RE;#N/D
00365 RIO TINTO;01-STOCK NULO;1028135;ZSSD;FILTRO ACEITE MOTOR;U365;365;;V1;ADJUDICADO
00365 RIO TINTO;01-STOCK NULO;1028148;ZSSD;FILTRO TANQUE COMBUSTIBLE DEF;U365;365;;V1;ADJUDICADO
00365 RIO TINTO;01-STOCK NULO;1028154;ZSSD;FILTRO HIDRAULICO;U365;365;;V1;ADJUDICADO
00365 RIO TINTO;01-STOCK NULO;1028160;ZSSD;CORREA;U365;365;;V1;#N/D
00365 RIO TINTO;01-STOCK NULO;1028161;ZSSD;CORREA ALTERNADOR;U365;365;;V1;#N/D
00365 RIO TINTO;01-STOCK NULO;1028164;ZSSD;DIENTE BALDE TEREX;U365;365;;V1;SIN TRATAMIENTO
00365 RIO TINTO;01-STOCK NULO;1029692;ZSTO;FILTRO DE ACEITE DE LA TRANSMISION;U365;365;;V1;SIN TRATAMIENTO
00365 RIO TINTO;01-STOCK NULO;1029693;ZSTO;FILTRO DE SUCCION;U365;365;;V1;SIN TRATAMIENTO
00365 RIO TINTO;01-STOCK NULO;1029997;ZSTO;BULON M10X45;U365;365;;V1;EMBALADO
00365 RIO TINTO;01-STOCK NULO;1030025;ZSSD;FILTRO TRAMPA DE AGUA;U365;365;;V1;SIN TRATAMIENTO
00365 RIO TINTO;01-STOCK NULO;1030030;ZSSD;FILTRO AIRE TANQUE HIDRAULICO;U365;365;;V1;SIN TRATAMIENTO
00365 RIO TINTO;01-STOCK NULO;1033324;ZSSD;FILTRO COLADOR COMBUSTIBLE;U365;365;;V1;ADJUDICADO
00365 RIO TINTO;01-STOCK NULO;1033787;ZSSD;UÑA;U365;365;;V1;ADJUDICADO
00365 RIO TINTO;01-STOCK NULO;1034629;ZSTO;JUNTA TAPA PRINCIPAL;U365;365;;RE;ADJUDICADO
00365 RIO TINTO;01-STOCK NULO;1041673;ZSTO;DIENTE DERECHO AGUILON;U365;365;;V1;ADJUDICADO
00365 RIO TINTO;01-STOCK NULO;1041674;ZSTO;DIENTE IZQUIERDO AGUILON;U365;365;;V1;ADJUDICADO
00365 RIO TINTO;01-STOCK NULO;1041677;ZSTO;FILTRO CABINA TEREX;U365;365;;V1;SIN TRATAMIENTO
00365 RIO TINTO;01-STOCK NULO;1042181;ZSTO;ARANDELA;U365;365;;V1;EMBALADO
00365 RIO TINTO;01-STOCK NULO;1042669;ZSTO;CUCHILLA;U365;365;;V1;ADJUDICADO
00365 RIO TINTO;01-STOCK NULO;1042714;ZSTO;FILTRO AIRE PRIMARIO ADMISION;U365;365;;V1;ADJUDICADO
00365 RIO TINTO;01-STOCK NULO;1042746;ZSTO;FILTRO AIRE FRESCO A/A;U365;365;;V1;ADJUDICADO
00365 RIO TINTO;01-STOCK NULO;1042753;ZSTO;FILTRO COLADOR TANQUE COMBUSTIBLE;U365;365;;V1;ADJUDICADO
00365 RIO TINTO;01-STOCK NULO;1042779;ZSTO;CORREA ALTERNADOR;U365;365;;V1;ADJUDICADO
00365 RIO TINTO;01-STOCK NULO;1042787;ZSTO;FILTRO TRANSMISION;U365;365;;V1;ADJUDICADO
00365 RIO TINTO;01-STOCK NULO;1047054;ZSTO;CORREA ALTERNADOR;U365;365;;V1;SIN TRATAMIENTO
00365 RIO TINTO;01-STOCK NULO;1047055;ZSTO;CORREA DE COMPRESOR A/A;U365;365;;V1;SIN TRATAMIENTO
00365 RIO TINTO;01-STOCK NULO;1047056;ZSTO;FILTRO PILOTO;U365;365;;V1;ADJUDICADO PARCIAL
00365 RIO TINTO;01-STOCK NULO;1047057;ZSTO;FILTRO RESPIRADERO;U365;365;;V1;ADJUDICADO
00365 RIO TINTO;01-STOCK NULO;1047058;ZSTO;ELEMENTO FILTRANTE KOBELCO;U365;365;;V1;SIN TRATAMIENTO
00365 RIO TINTO;01-STOCK NULO;1047059;ZSTO;FILTRO HIDRAULICO DE RETORNO KOBELCO;U365;365;;V1;ADJUDICADO PARCIAL
00368-YPF Acueducto TBH;02-MENOR A PUNTO DE PEDIDO;1000043;ZSTO;BOTIQUIN 1ROS. AUXILIOS N 2;MR01;368;A1H4C1;V1;SIN TRATAMIENTO
00368-YPF Acueducto TBH;02-MENOR A PUNTO DE PEDIDO;1001679;ZSTO;FICHA T.STECK MACHO 220V 16A 2P T XUN;MR01;368;A1H4C2;V1;SIN TRATAMIENTO
00368-YPF Acueducto TBH;02-MENOR A PUNTO DE PEDIDO;1001686;ZSTO;ANTEOJO GRIS ECOLINEHC;MR01;368;A1I3C1;V1;DESPACHADO
00368-YPF Acueducto TBH;02-MENOR A PUNTO DE PEDIDO;1001697;ZSTO;GUANTE VAQUETA MEDIO PASEO T.10;MR01;368;A1J2C7;V1;SIN TRATAMIENTO
00368-YPF Acueducto TBH;02-MENOR A PUNTO DE PEDIDO;1001706;ZSTO;GUANTE LATEX USO MEDICINAL CAJA X 100 UN;MR01;368;A1I1C2;V1;SIN TRATAMIENTO
00368-YPF Acueducto TBH;02-MENOR A PUNTO DE PEDIDO;1001708;ZSTO;GUANTE POLIAMIDA LAMINADO PALMAPU-TALLE9;MR01;368;A1J4C3;V1;SIN TRATAMIENTO
00368-YPF Acueducto TBH;02-MENOR A PUNTO DE PEDIDO;1001710;ZSTO;CINTA DEMARCAR PELIGRO ECOLOGICA;MR01;368;B1D3;V1;CUMPLIDO PARCIAL
00368-YPF Acueducto TBH;02-MENOR A PUNTO DE PEDIDO;1001717;ZSTO;PROTECTOR FACIAL BURBUJA INCOLORO;MR01;368;A1I2C2;V1;SIN TRATAMIENTO
00368-YPF Acueducto TBH;02-MENOR A PUNTO DE PEDIDO;1001718;ZSTO;RODILLERA SOLDADOR;MR01;368;A1I3C2;V1;SIN TRATAMIENTO
00368-YPF Acueducto TBH;02-MENOR A PUNTO DE PEDIDO;1001772;ZSTO;BANDERIN ROJO Y BLANCO 500MM X 700MM XUN;MR01;368;A1H4C1;V1;SIN TRATAMIENTO
00368-YPF Acueducto TBH;02-MENOR A PUNTO DE PEDIDO;1001773;ZSTO;CHALECOMICROPERFAMARILLOCONREFLECTIVO;MR01;368;A1J2C8;V1;SIN TRATAMIENTO
00368-YPF Acueducto TBH;02-MENOR A PUNTO DE PEDIDO;1001790;ZSTO;ACEITE 15W40  X 205L;MR01;368;P1C16;V1;DESPACHADO
00368-YPF Acueducto TBH;02-MENOR A PUNTO DE PEDIDO;1001823;ZSTO;ACEITE F50 5W40 X 20 L;MR01;368;P1C12;V1;CUMPLIDO PARCIAL
00368-YPF Acueducto TBH;02-MENOR A PUNTO DE PEDIDO;1001848;ZSTO;KIT TECLADO MOUSE USB;MR01;368;A1J2;V1;SIN TRATAMIENTO
00368-YPF Acueducto TBH;02-MENOR A PUNTO DE PEDIDO;1001868;ZSTO;FILMSTRECHMANUALXBOBINAx2,70KG;MR01;368;A1F4;V1;SIN TRATAMIENTO
00368-YPF Acueducto TBH;02-MENOR A PUNTO DE PEDIDO;1001876;ZSTO;CINTA EMBALAR TRANSPARENTE 48MM X 100 MT;MR01;368;A1J2C5;V1;SIN TRATAMIENTO
00368-YPF Acueducto TBH;02-MENOR A PUNTO DE PEDIDO;1001880;ZSTO;MARCADOR INDUSTRIAL - AZUL UNIPAINT X UN;MR01;368;A1J3C1;V1;DESPACHADO
00368-YPF Acueducto TBH;02-MENOR A PUNTO DE PEDIDO;1001895;ZSTO;ALCOHOL LIQUIDO X LITRO;MR01;368;INFLAMABLE;V1;SIN TRATAMIENTO
00368-YPF Acueducto TBH;02-MENOR A PUNTO DE PEDIDO;1001900;ZSTO;TRAPO DE PISO;MR01;368;A1F4C15;V1;SIN TRATAMIENTO
00368-YPF Acueducto TBH;02-MENOR A PUNTO DE PEDIDO;1001909;ZSTO;LUSTRA MUEBLES BLEM;MR01;368;INFLAMABLE;V1;SIN TRATAMIENTO
00368-YPF Acueducto TBH;02-MENOR A PUNTO DE PEDIDO;1001915;ZSTO;REJILLA DE COCINA;MR01;368;A1F3C3;V1;SIN TRATAMIENTO
00368-YPF Acueducto TBH;02-MENOR A PUNTO DE PEDIDO;1001916;ZSTO;FRANELA;MR01;368;A1F3C3;V1;SIN TRATAMIENTO
00368-YPF Acueducto TBH;02-MENOR A PUNTO DE PEDIDO;1001926;ZSTO;DISCO CORTE 114X3.2X22.23 TYROLIT S x UN;MR01;368;A1H3;V1;SIN TRATAMIENTO
00368-YPF Acueducto TBH;02-MENOR A PUNTO DE PEDIDO;1001927;ZSTO;DISCO CORTE 178X1.6X22 SECUR EXTRA  x UN;MR01;368;A1H3;V1;SIN TRATAMIENTO
00368-YPF Acueducto TBH;02-MENOR A PUNTO DE PEDIDO;1001930;ZSTO;DISCO C D O A 178X7.0X22.2 SECUR x UN;MR01;368;A1H3;V1;SIN TRATAMIENTO
00368-YPF Acueducto TBH;02-MENOR A PUNTO DE PEDIDO;1001943;ZSTO;ADHESIVO CIANO 20 G XUN;MR01;368;A1I2C2;V1;SIN TRATAMIENTO
00368-YPF Acueducto TBH;02-MENOR A PUNTO DE PEDIDO;1001951;ZSTO;CANDADO 50MM XUN;MR01;368;A1H2C2;V1;SIN TRATAMIENTO
00368-YPF Acueducto TBH;02-MENOR A PUNTO DE PEDIDO;1001958;ZSTO;CINTA TEFLON 1/2 X 20MT;MR01;368;A1H2C2;V1;SIN TRATAMIENTO
00368-YPF Acueducto TBH;02-MENOR A PUNTO DE PEDIDO;1001970;ZSTO;ESMALTE SINT. AEROSOL NEGRO X440CC;MR01;368;INFLAMABLE;V1;SIN TRATAMIENTO
00368-YPF Acueducto TBH;02-MENOR A PUNTO DE PEDIDO;1001985;ZSTO;VIDRIOP CARETASOLDADOR50X105MMINCOLORO;MR01;368;A1H2C5;V1;SIN TRATAMIENTO
00368-YPF Acueducto TBH;02-MENOR A PUNTO DE PEDIDO;1002007;ZSTO;CAMISA JEAN T.52 C LOGO;MR01;368;A1G3C7;V1;DESPACHADO
00368-YPF Acueducto TBH;02-MENOR A PUNTO DE PEDIDO;1002015;ZSTO;PANTALON JEAN T.46;MR01;368;A1G2C4;V1;SIN TRATAMIENTO
00368-YPF Acueducto TBH;02-MENOR A PUNTO DE PEDIDO;1002016;ZSTO;PANTALON JEAN T.48;MR01;368;A1G2C6;V1;SIN TRATAMIENTO
00368-YPF Acueducto TBH;02-MENOR A PUNTO DE PEDIDO;1002063;ZSTO;CAMPERA DESCARNE T.XL;MR01;368;A1J3C3;V1;SIN TRATAMIENTO
00368-YPF Acueducto TBH;02-MENOR A PUNTO DE PEDIDO;1002527;ZSTO;FILTRO AIRE CABINA;MR01;368;A1A1C103;V1;SIN TRATAMIENTO
00368-YPF Acueducto TBH;02-MENOR A PUNTO DE PEDIDO;1002566;ZSTO;FILTRO LINEA COMBUSTIBLE;MR01;368;A1D3C35;V1;SIN TRATAMIENTO
00368-YPF Acueducto TBH;02-MENOR A PUNTO DE PEDIDO;1002745;ZSTO;FILTRO AIRE CABINA;MR01;368;C1H2;V1;SIN TRATAMIENTO
00368-YPF Acueducto TBH;02-MENOR A PUNTO DE PEDIDO;1002771;ZSTO;FILTRO ACEITE;MR01;368;A1B1C401;V1;SIN TRATAMIENTO
00368-YPF Acueducto TBH;02-MENOR A PUNTO DE PEDIDO;1002822;ZSTO;FILTRO COMBUSTIBLE VOLVO;MR01;368;A1B1C401;V1;SIN TRATAMIENTO
00368-YPF Acueducto TBH;02-MENOR A PUNTO DE PEDIDO;1002830;ZSTO;FILTRO AIRE 1;MR01;368;A1B3;V1;SIN TRATAMIENTO
00368-YPF Acueducto TBH;02-MENOR A PUNTO DE PEDIDO;1002936;ZSTO;FILTRO AIRE CABINA;MR01;368;A1A3C1;V1;SIN TRATAMIENTO
00368-YPF Acueducto TBH;02-MENOR A PUNTO DE PEDIDO;1002951;ZSTO;FILTRO DE COMBUSTIBLE ALTERNATIVO;MR01;368;A1B3C10;V1;SIN TRATAMIENTO
00368-YPF Acueducto TBH;02-MENOR A PUNTO DE PEDIDO;1002954;ZSTO;FILTRO ACEITE ORIGINAL;MR01;368;A1B3C10;V1;SIN TRATAMIENTO
00368-YPF Acueducto TBH;02-MENOR A PUNTO DE PEDIDO;1003027;ZSTO;ELEMENTO FILTRO DE ACEITE;MR01;368;A1A2C44;V1;SIN TRATAMIENTO
00368-YPF Acueducto TBH;02-MENOR A PUNTO DE PEDIDO;1003031;ZSTO;FILTRO DE COMBUSTIBLE;MR01;368;A1B3C10;V1;SIN TRATAMIENTO
00368-YPF Acueducto TBH;02-MENOR A PUNTO DE PEDIDO;1003043;ZSTO;FILTRO DE AIRE SECUNDARIO CAT;MR01;368;A1A3;V1;SIN TRATAMIENTO
00368-YPF Acueducto TBH;02-MENOR A PUNTO DE PEDIDO;1003060;ZSTO;FILTRO ACEITE;MR01;368;A1D1C401;V1;SIN TRATAMIENTO
00368-YPF Acueducto TBH;02-MENOR A PUNTO DE PEDIDO;1003061;ZSTO;FILTRO AIRE;MR01;368;A1C2C19;V1;SIN TRATAMIENTO
00368-YPF Acueducto TBH;02-MENOR A PUNTO DE PEDIDO;1003063;ZSTO;FILTRO HABITACULO;MR01;368;A1C1C11;V1;SIN TRATAMIENTO
00368-YPF Acueducto TBH;02-MENOR A PUNTO DE PEDIDO;1003170;ZSTO;FILTRO DE AIRE PRIMARIO;MR01;368;A1C3;V1;SIN TRATAMIENTO
00368-YPF Acueducto TBH;02-MENOR A PUNTO DE PEDIDO;1003171;ZSTO;FILTRO DE AIRE SECUNDARIO;MR01;368;A1A4;V1;SIN TRATAMIENTO
00368-YPF Acueducto TBH;02-MENOR A PUNTO DE PEDIDO;1003278;ZSTO;FILTRO DE ACEITE MOTOR;MR01;368;A1B2C123;V1;SIN TRATAMIENTO
00368-YPF Acueducto TBH;02-MENOR A PUNTO DE PEDIDO;1003279;ZSTO;FILTRO DE COMBUSTIBLE;MR01;368;A1B2C123;V1;SIN TRATAMIENTO
00368-YPF Acueducto TBH;02-MENOR A PUNTO DE PEDIDO;1003280;ZSTO;FILTRO TRAMPA DE AGUA;MR01;368;A1B3C9;V1;SIN TRATAMIENTO
00368-YPF Acueducto TBH;02-MENOR A PUNTO DE PEDIDO;1003281;ZSTO;FILTRO DE AIRE SECUNDARIO;MR01;368;A1B2C123;V1;SIN TRATAMIENTO
00368-YPF Acueducto TBH;02-MENOR A PUNTO DE PEDIDO;1003953;ZSTO;BATERIA 12V 75AMP;MR01;368;B1C00;V1;SIN TRATAMIENTO
00368-YPF Acueducto TBH;02-MENOR A PUNTO DE PEDIDO;1003954;ZSTO;BATERIA 12V 180AMP;MR01;368;B1C00;V1;SIN TRATAMIENTO
00368-YPF Acueducto TBH;02-MENOR A PUNTO DE PEDIDO;1016163;ZSTO;FILTRO TRAMPA DE AGUA;MR01;368;A1B3C9;V1;SIN TRATAMIENTO
00368-YPF Acueducto TBH;02-MENOR A PUNTO DE PEDIDO;1016239;ZSTO;Filtro Primario;MR01;368;A1C4;V1;SIN TRATAMIENTO
00368-YPF Acueducto TBH;02-MENOR A PUNTO DE PEDIDO;1016240;ZSTO;FILTRO DE CABINA;MR01;368;A1B2C123;V1;SIN TRATAMIENTO
00368-YPF Acueducto TBH;02-MENOR A PUNTO DE PEDIDO;1016496;ZSSD;GUANTE DE ALTO IMPACTO;MR01;368;A1I4C1;V1;ADJUDICADO
00368-YPF Acueducto TBH;02-MENOR A PUNTO DE PEDIDO;1016942;ZSSD;BIBLIORATO PVC A4 LOMO ANCHO;MR01;368;A1J4C2;V1;ADJUDICADO
00368-YPF Acueducto TBH;02-MENOR A PUNTO DE PEDIDO;1016995;ZSSD;BROCHES FLEX CON FILO N50 X1000;MR01;368;A1J2C3;V1;ADJUDICADO
00368-YPF Acueducto TBH;02-MENOR A PUNTO DE PEDIDO;1017010;ZSSD;BOLIGRAFO TRAZO FINO AZUL;MR01;368;A1J3C4;V1;DESPACHADO
00368-YPF Acueducto TBH;02-MENOR A PUNTO DE PEDIDO;1017012;ZSSD;CARPETA CRISTAL BASE OPACA A4 AZUL NEGRA;MR01;368;A1J2C1;V1;ADJUDICADO
00368-YPF Acueducto TBH;02-MENOR A PUNTO DE PEDIDO;1017017;ZSSD;MARCADOR PERMANENTE ROJO;MR01;368;A1J2C3;V1;SIN TRATAMIENTO
00368-YPF Acueducto TBH;02-MENOR A PUNTO DE PEDIDO;1017039;ZSSD;LAPIZ A MINA 05 MM 2B;MR01;368;A1J2C3;V1;ADJUDICADO
00368-YPF Acueducto TBH;02-MENOR A PUNTO DE PEDIDO;1017244;ZSSD;BOTA PETROLERA N 43;MR01;368;C1F1;V1;SIN TRATAMIENTO
00368-YPF Acueducto TBH;02-MENOR A PUNTO DE PEDIDO;1026252;ZSCD;ELECTRODO 8010 x 4MM X KG BHOLER CEL85;MR01;368;B1E1;V1;SIN TRATAMIENTO
00368-YPF Acueducto TBH;02-MENOR A PUNTO DE PEDIDO;1026806;ZSTO;PILA ALCALINA AAA x UN;MR01;368;A1I2C3;V1;SIN TRATAMIENTO
00368-YPF Acueducto TBH;02-MENOR A PUNTO DE PEDIDO;1034618;ZSCD;BOLSAS RESIDUOS 102X130CRISTAL 200MICXUN;MR01;368;A1E3;V1;RESPONDIDO
00368-YPF Acueducto TBH;02-MENOR A PUNTO DE PEDIDO;1036652;ZSSD;AZUL DE PRUSIA POMO DE 30 CM3;MR01;368;A1I2C2;V1;SIN TRATAMIENTO
00368-YPF Acueducto TBH;01-STOCK NULO;1001738;ZSTO;GRILLETE 7/8   8,5TONELADASC CERTIFICADO;MR01;368;A1E1C1;V1;SIN TRATAMIENTO
00368-YPF Acueducto TBH;01-STOCK NULO;1001786;ZSTO;ACEITE ISO 46 HIDRAULICO  X 205L;MR01;368;P1C16;V1;DESPACHADO
00368-YPF Acueducto TBH;01-STOCK NULO;1001808;ZSTO;UREA AZUL 32 X 10 LTS;MR01;368;P1C1;V1;DESPACHADO
00368-YPF Acueducto TBH;01-STOCK NULO;1001905;ZSTO;DESODORANTE EN AEROSOL;MR01;368;INFLAMABLE;V1;SIN TRATAMIENTO
00368-YPF Acueducto TBH;01-STOCK NULO;1001923;ZSTO;AGROPOL 100 MICRONES X 4MTS X ROLLO;MR01;368;C1A4;V1;SIN TRATAMIENTO
00368-YPF Acueducto TBH;01-STOCK NULO;1001952;ZSTO;TRAPO LIMPIO (BOLSAX10KG) XUN;MR01;368;B1B4;V1;CUMPLIDO PARCIAL
00368-YPF Acueducto TBH;01-STOCK NULO;1001961;ZSTO;CINTA AISLADORA NEGRA X10MT;MR01;368;A1H2C1;V1;SIN TRATAMIENTO
00368-YPF Acueducto TBH;01-STOCK NULO;1002091;ZSTO;CAPA DE LLUVIA T.XXL;MR01;368;A1I1C1;V1;SIN TRATAMIENTO
00368-YPF Acueducto TBH;01-STOCK NULO;1003026;ZSTO;FILTRO SEPARADOR DE AGUA;MR01;368;A1D3C35;V1;SIN TRATAMIENTO
00368-YPF Acueducto TBH;01-STOCK NULO;1003054;ZSTO;FILTRO VENTILACION TANQUE HID.;MR01;368;A1B3C10;V1;SIN TRATAMIENTO
00368-YPF Acueducto TBH;01-STOCK NULO;1003055;ZSTO;FILTRO DE ACEITE MOTOR VOLVO;MR01;368;A1B2C123;V1;SIN TRATAMIENTO
00368-YPF Acueducto TBH;01-STOCK NULO;1003172;ZSTO;FILTRO ACEITE MOTOR;MR01;368;A1D3C35;V1;SIN TRATAMIENTO
00368-YPF Acueducto TBH;01-STOCK NULO;1003182;ZSTO;FILTRO GASOIL;MR01;368;A1D3C35;V1;SIN TRATAMIENTO
00368-YPF Acueducto TBH;01-STOCK NULO;1016977;ZSSD;MARCADOR P PIZARRA AZUL;MR01;368;A1J2C3;V1;SIN TRATAMIENTO
00368-YPF Acueducto TBH;01-STOCK NULO;1026229;ZSTO;CORREA COMPRESOR A/A;MR01;368;A1B1C6;V1;ADJUDICADO
00368-YPF Acueducto TBH;01-STOCK NULO;1029264;ZSTO;CORREA;MR01;368;A1D2C400;V1;ADJUDICADO
00372 UTE 372 GEO POSCO II;02-MENOR A PUNTO DE PEDIDO;1000020;ZSTO;FILTRO DE CABINA;U003;372;;V1;#N/D
00372 UTE 372 GEO POSCO II;02-MENOR A PUNTO DE PEDIDO;1001717;ZSTO;PROTECTOR FACIAL BURBUJA INCOLORO;U003;372;CBA4CJ;V1;#N/D
00372 UTE 372 GEO POSCO II;02-MENOR A PUNTO DE PEDIDO;1001757;ZSTO;BOTIN MARRON/NEGRO FLOR P.ACERO N 41;U003;372;CBB4;V1;#N/D
00372 UTE 372 GEO POSCO II;02-MENOR A PUNTO DE PEDIDO;1001823;ZSTO;ACEITE F50 5W40 X 20 L;U003;372;;V1;ADJUDICADO
00372 UTE 372 GEO POSCO II;02-MENOR A PUNTO DE PEDIDO;1001866;ZSTO;MARCADOR INDUSTRIAL-NEGROXUN;U003;372;CBB3CJ;V1;#N/D
00372 UTE 372 GEO POSCO II;02-MENOR A PUNTO DE PEDIDO;1001881;ZSTO;MARCADOR INDUSTRIAL - ROJO UNIPAINT X UN;U003;372;CBA4CJ;V1;#N/D
00372 UTE 372 GEO POSCO II;02-MENOR A PUNTO DE PEDIDO;1001971;ZSTO;ESMALTE SINT. AEROSOL ROJO X 440CC;U003;372;CBC4CJ;V1;SIN TRATAMIENTO
00372 UTE 372 GEO POSCO II;02-MENOR A PUNTO DE PEDIDO;1002015;ZSTO;PANTALON JEAN T.46;U003;372;CBA3CJ;V1;#N/D
00372 UTE 372 GEO POSCO II;01-STOCK NULO;1002045;ZSTO;CAMISETA PRIMERA PIEL T.L;U003;372;CBA3CJ;V1;#N/D
00372 UTE 372 GEO POSCO II;02-MENOR A PUNTO DE PEDIDO;1002050;ZSTO;CAMPERA 2 PIEL T. M;U003;372;CBC5CJ;V1;#N/D
00372 UTE 372 GEO POSCO II;02-MENOR A PUNTO DE PEDIDO;1002675;ZSTO;FILTRO COMBUSTIBLE;U003;372;;V1;PICKEADO
00372 UTE 372 GEO POSCO II;02-MENOR A PUNTO DE PEDIDO;1002776;ZSTO;FILTRO AIRE PRIMARIO XUN;U003;372;;V1;EMBALADO
00372 UTE 372 GEO POSCO II;02-MENOR A PUNTO DE PEDIDO;1002838;ZSTO;FILTRO ACEITE;U003;372;;V1;PICKEADO
00372 UTE 372 GEO POSCO II;02-MENOR A PUNTO DE PEDIDO;1002994;ZSTO;PERKINS FILTRO ACEITE;U003;372;;V1;EMBALADO
00372 UTE 372 GEO POSCO II;02-MENOR A PUNTO DE PEDIDO;1002997;ZSTO;FILTRO CABINA INTERIOR;U003;372;;V1;#N/D
00372 UTE 372 GEO POSCO II;02-MENOR A PUNTO DE PEDIDO;1002998;ZSTO;FILTRO COMBUSTIBLE;U003;372;;V1;EMBALADO
00372 UTE 372 GEO POSCO II;02-MENOR A PUNTO DE PEDIDO;1003001;ZSTO;FILTRO DE AIRE PRIMARIO;U003;372;;V1;#N/D
00372 UTE 372 GEO POSCO II;02-MENOR A PUNTO DE PEDIDO;1003002;ZSTO;FILTRO DE AIRE SECUNDARIO;U003;372;;V1;SIN TRATAMIENTO
00372 UTE 372 GEO POSCO II;02-MENOR A PUNTO DE PEDIDO;1003088;ZSTO;FILTRO AIRE;U003;372;;V1;PICKEADO
00372 UTE 372 GEO POSCO II;02-MENOR A PUNTO DE PEDIDO;1003089;ZSTO;FILTRO DE CABINA;U003;372;;V1;PICKEADO
00372 UTE 372 GEO POSCO II;02-MENOR A PUNTO DE PEDIDO;1003175;ZSTO;FILTRO DE COMBUSTIBLE;U003;372;;V1;ADJUDICADO
00372 UTE 372 GEO POSCO II;02-MENOR A PUNTO DE PEDIDO;1003180;ZSTO;FILTRO DE AIRE;U003;372;;V1;EMBALADO
00372 UTE 372 GEO POSCO II;02-MENOR A PUNTO DE PEDIDO;1003181;ZSTO;FILTRO DE COMBUSTIBLE;U003;372;;V1;EMBALADO
00372 UTE 372 GEO POSCO II;02-MENOR A PUNTO DE PEDIDO;1003183;ZSTO;FILTRO DE ACEITE MOTOR;U003;372;;V1;EMBALADO
00372 UTE 372 GEO POSCO II;02-MENOR A PUNTO DE PEDIDO;1003219;ZSTO;FILTRO VENTILACION DE CARTER;U003;372;;V1;PICKEADO
00372 UTE 372 GEO POSCO II;02-MENOR A PUNTO DE PEDIDO;1015844;ZSSD;PILA ALCALINA AA –ENERGIZER X UN;U003;372;;V1;ADJUDICADO
00372 UTE 372 GEO POSCO II;02-MENOR A PUNTO DE PEDIDO;1016938;ZSSD;SILICONA LIQUIDA BRILLO SILICONADO X5LT;U003;372;;V1;ADJUDICADO
00372 UTE 372 GEO POSCO II;02-MENOR A PUNTO DE PEDIDO;1026185;ZSSD;GUANTE ANTICORTE GRADO 5 C/CERTIFICADO;U003;372;CBD2CJ;V1;#N/D
00372 UTE 372 GEO POSCO II;01-STOCK NULO;1001706;ZSTO;GUANTE LATEX USO MEDICINAL CAJA X 100 UN;U003;372;CBD2CJ;RE;#N/D
00372 UTE 372 GEO POSCO II;01-STOCK NULO;1001834;ZSTO;CUBIERTA 265 65 17 DUELER A T 693;U003;372;;V1;ADJUDICADO
00372 UTE 372 GEO POSCO II;01-STOCK NULO;1002202;ZSTO;CORREA PRINCIPAL;U003;372;;RE;ADJUDICADO
00372 UTE 372 GEO POSCO II;01-STOCK NULO;1002204;ZSTO;CORREA ALTERNADOR;U003;372;;RE;ADJUDICADO
00372 UTE 372 GEO POSCO II;01-STOCK NULO;1003359;ZSTO;FILTROAIREACONDICIONADOCABINAINTERIOR;U003;372;;V1;ADJUDICADO
00372 UTE 372 GEO POSCO II;01-STOCK NULO;1003953;ZSTO;BATERIA 12V 75AMP;U003;372;;V1;#N/D
00372 UTE 372 GEO POSCO II;01-STOCK NULO;1003957;ZSTO;BATERIA 12V 110 AMP  318X162X220;U003;372;;V1;#N/D
00372 UTE 372 GEO POSCO II;01-STOCK NULO;1009481;ZSTO;ANTEOJO ARGON  GRIS H/C;U003;372;;V1;#N/D
00372 UTE 372 GEO POSCO II;01-STOCK NULO;1016942;ZSSD;BIBLIORATO PVC A4 LOMO ANCHO;U003;372;;V1;ADJUDICADO
00372 UTE 372 GEO POSCO II;01-STOCK NULO;1016948;ZSSD;AEROSOL DESINFECTANTE ANTIBACT 360ML;U003;372;;V1;ADJUDICADO
00372 UTE 372 GEO POSCO II;01-STOCK NULO;1027860;ZSTO;LAMP ASS'Y;U003;372;;RE;ADJUDICADO
00372 UTE 372 GEO POSCO II;01-STOCK NULO;1034628;ZSTO;JUNTA DE BALANCINES;U003;372;;RE;ADJUDICADO
00372 UTE 372 GEO POSCO II;01-STOCK NULO;1034629;ZSTO;JUNTA TAPA PRINCIPAL;U003;372;;RE;ADJUDICADO
00374 TERMINAL PUNTA COLORADA;02-MENOR A PUNTO DE PEDIDO;1001686;ZSTO;ANTEOJO GRIS ECOLINEHC;MR01;374;MA03;V1;CUMPLIDO PARCIAL
00374 TERMINAL PUNTA COLORADA;02-MENOR A PUNTO DE PEDIDO;1001697;ZSTO;GUANTE VAQUETA MEDIO PASEO T.10;MR01;374;MH04;V1;CUMPLIDO PARCIAL
00374 TERMINAL PUNTA COLORADA;02-MENOR A PUNTO DE PEDIDO;1001708;ZSTO;GUANTE POLIAMIDA LAMINADO PALMAPU-TALLE9;MR01;374;MA03;V1;EMBALADO
00374 TERMINAL PUNTA COLORADA;02-MENOR A PUNTO DE PEDIDO;1001717;ZSTO;PROTECTOR FACIAL BURBUJA INCOLORO;MR01;374;MB04;V1;EMBALADO PARCIAL
00374 TERMINAL PUNTA COLORADA;02-MENOR A PUNTO DE PEDIDO;1001718;ZSTO;RODILLERA SOLDADOR;MR01;374;MB03;V1;PICKEADO
00374 TERMINAL PUNTA COLORADA;02-MENOR A PUNTO DE PEDIDO;1001778;ZSTO;YERBA MATE X 500GRS X UN;MR01;374;GC02CAJON;V1;SIN TRATAMIENTO
00374 TERMINAL PUNTA COLORADA;02-MENOR A PUNTO DE PEDIDO;1001824;ZSTO;CUBIERTA 295 80 R22.5;MR01;374;HC01;V1;SIN TRATAMIENTO
00374 TERMINAL PUNTA COLORADA;02-MENOR A PUNTO DE PEDIDO;1001834;ZSTO;CUBIERTA 265 65 17 DUELER A T 693;MR01;374;HC02;V1;SIN TRATAMIENTO
00374 TERMINAL PUNTA COLORADA;02-MENOR A PUNTO DE PEDIDO;1001866;ZSTO;MARCADOR INDUSTRIAL-NEGROXUN;MR01;374;ARMARIO;V1;EMBALADO PARCIAL
00374 TERMINAL PUNTA COLORADA;02-MENOR A PUNTO DE PEDIDO;1001867;ZSTO;MARCADOR INDUSTRIAL-BLANCOXUN;MR01;374;ARMARIO;V1;CUMPLIDO PARCIAL
00374 TERMINAL PUNTA COLORADA;02-MENOR A PUNTO DE PEDIDO;1001869;ZSTO;MARCADORINDUSTRIAL-AMARILLOXUN;MR01;374;ARMARIO;V1;EMBALADO
00374 TERMINAL PUNTA COLORADA;02-MENOR A PUNTO DE PEDIDO;1001880;ZSTO;MARCADOR INDUSTRIAL - AZUL UNIPAINT X UN;MR01;374;ARMARIO;V1;EMBALADO PARCIAL
00374 TERMINAL PUNTA COLORADA;02-MENOR A PUNTO DE PEDIDO;1001885;ZSTO;BOLSAS RESIDUOS XUN 102X130 VERDE;MR01;374;MA04;V1;EMBALADO PARCIAL
00374 TERMINAL PUNTA COLORADA;02-MENOR A PUNTO DE PEDIDO;1001887;ZSTO;BOLSAS RESIDUOS XUN 102X130 AMARILLA;MR01;374;MA04;V1;CUMPLIDO PARCIAL
00374 TERMINAL PUNTA COLORADA;02-MENOR A PUNTO DE PEDIDO;1001896;ZSTO;PULVERIZADOR P ALCOHOL LIQUIDO 500 ML;MR01;374;MJ04;V1;PICKEADO
00374 TERMINAL PUNTA COLORADA;02-MENOR A PUNTO DE PEDIDO;1001923;ZSTO;AGROPOL 100 MICRONES X 4MTS X ROLLO;MR01;374;GA02;V1;ADJUDICADO
00374 TERMINAL PUNTA COLORADA;02-MENOR A PUNTO DE PEDIDO;1001927;ZSTO;DISCO CORTE 178X1.6X22 SECUR EXTRA  x UN;MR01;374;MI05;V1;CUMPLIDO PARCIAL
00374 TERMINAL PUNTA COLORADA;02-MENOR A PUNTO DE PEDIDO;1001943;ZSTO;ADHESIVO CIANO 20 G XUN;MR01;374;ARMARIO;V1;EMBALADO
00374 TERMINAL PUNTA COLORADA;02-MENOR A PUNTO DE PEDIDO;1001949;ZSTO;CANDADO 30MM XUN;MR01;374;MB03;V1;EMBALADO
00374 TERMINAL PUNTA COLORADA;02-MENOR A PUNTO DE PEDIDO;1001951;ZSTO;CANDADO 50MM XUN;MR01;374;MB03;V1;SIN TRATAMIENTO
00374 TERMINAL PUNTA COLORADA;02-MENOR A PUNTO DE PEDIDO;1001955;ZSTO;SELLADOR DE SILICONA TRANSP;MR01;374;MI05;V1;#N/D
00374 TERMINAL PUNTA COLORADA;02-MENOR A PUNTO DE PEDIDO;1001961;ZSTO;CINTA AISLADORA NEGRA X10MT;MR01;374;ARM.SUP;V1;EMBALADO
00374 TERMINAL PUNTA COLORADA;02-MENOR A PUNTO DE PEDIDO;1001962;ZSTO;CINTA AISLADORA ROJA X10MT;MR01;374;ARM.SUP;V1;PICKEADO
00374 TERMINAL PUNTA COLORADA;02-MENOR A PUNTO DE PEDIDO;1001971;ZSTO;ESMALTE SINT. AEROSOL ROJO X 440CC;MR01;374;AA01;V1;EMBALADO
00374 TERMINAL PUNTA COLORADA;02-MENOR A PUNTO DE PEDIDO;1002003;ZSTO;CAMISA JEAN T.44 C LOGO;MR01;374;MG02;V1;SIN TRATAMIENTO
00374 TERMINAL PUNTA COLORADA;02-MENOR A PUNTO DE PEDIDO;1002015;ZSTO;PANTALON JEAN T.46;MR01;374;MH03;V1;EMBALADO
00374 TERMINAL PUNTA COLORADA;02-MENOR A PUNTO DE PEDIDO;1002349;ZSTO;TRABA P UNA XUN;MR01;374;BB02BIS;V1;CUMPLIDO PARCIAL
00374 TERMINAL PUNTA COLORADA;02-MENOR A PUNTO DE PEDIDO;1002485;ZSTO;FILTRO CABINA RECIRCULADO;MR01;374;AE04;V1;EMBALADO
00374 TERMINAL PUNTA COLORADA;02-MENOR A PUNTO DE PEDIDO;1002543;ZSTO;FILTRO AIRE XUN;MR01;374;AD04;V1;EMBALADO PARCIAL
00374 TERMINAL PUNTA COLORADA;02-MENOR A PUNTO DE PEDIDO;1002592;ZSTO;FILTRO ACEITE MOTOR XUN;MR01;374;AC04;V1;EMBALADO
00374 TERMINAL PUNTA COLORADA;02-MENOR A PUNTO DE PEDIDO;1002713;ZSTO;FILTRO AIRE ANTERIOR;MR01;374;AA04;V1;EMBALADO
00374 TERMINAL PUNTA COLORADA;02-MENOR A PUNTO DE PEDIDO;1002728;ZSTO;FILTRO AIRE PRIMARIO X UN;MR01;374;AB05;V1;EMBALADO PARCIAL
00374 TERMINAL PUNTA COLORADA;02-MENOR A PUNTO DE PEDIDO;1002729;ZSTO;FILTRO AIRE SECUNDARIO X UN;MR01;374;AB05;V1;EMBALADO PARCIAL
00374 TERMINAL PUNTA COLORADA;02-MENOR A PUNTO DE PEDIDO;1002832;ZSTO;FILTRO COMBUSTIBLE;MR01;374;AD03;V1;EMBALADO PARCIAL
00374 TERMINAL PUNTA COLORADA;02-MENOR A PUNTO DE PEDIDO;1002851;ZSTO;FILTRO AIRE 2 CAT. D8;MR01;374;BB05;V1;EMBALADO
00374 TERMINAL PUNTA COLORADA;02-MENOR A PUNTO DE PEDIDO;1002907;ZSTO;FILTRO TRAMPA AGUA XUN;MR01;374;AC03;V1;EMBALADO
00374 TERMINAL PUNTA COLORADA;02-MENOR A PUNTO DE PEDIDO;1003020;ZSTO;FILTRO AIRE MOTOR;MR01;374;AA05;V1;EMBALADO PARCIAL
00374 TERMINAL PUNTA COLORADA;02-MENOR A PUNTO DE PEDIDO;1003090;ZSTO;FILTRO DE AIRE SECUNDARIO;MR01;374;AD02;V1;EMBALADO
00374 TERMINAL PUNTA COLORADA;02-MENOR A PUNTO DE PEDIDO;1003091;ZSTO;FILTRO ACEITE MOTOR;MR01;374;AD02;V1;EMBALADO
00374 TERMINAL PUNTA COLORADA;02-MENOR A PUNTO DE PEDIDO;1003170;ZSTO;FILTRO DE AIRE PRIMARIO;MR01;374;AB02;V1;EMBALADO
00374 TERMINAL PUNTA COLORADA;02-MENOR A PUNTO DE PEDIDO;1003341;ZSTO;FILTRO SECADOR AIRE;MR01;374;BB03;V1;EMBALADO
00374 TERMINAL PUNTA COLORADA;02-MENOR A PUNTO DE PEDIDO;1003953;ZSTO;BATERIA 12V 75AMP;MR01;374;DC01;V1;EMBALADO
00374 TERMINAL PUNTA COLORADA;02-MENOR A PUNTO DE PEDIDO;1004015;ZSTO;LAMPARA 12V-H3 55W X UN;MR01;374;BA02;V1;EMBALADO
00374 TERMINAL PUNTA COLORADA;02-MENOR A PUNTO DE PEDIDO;1004020;ZSTO;LAMPARA 12V-H4 P43T X UN;MR01;374;BA02;V1;EMBALADO
00374 TERMINAL PUNTA COLORADA;02-MENOR A PUNTO DE PEDIDO;1016240;ZSTO;FILTRO DE CABINA;MR01;374;BA03;V1;EMBALADO
00374 TERMINAL PUNTA COLORADA;02-MENOR A PUNTO DE PEDIDO;1016480;ZSCD;PROTECTOR SOLAR DE LABIO x UN;MR01;374;ME02;V1;ADJUDICADO
00374 TERMINAL PUNTA COLORADA;02-MENOR A PUNTO DE PEDIDO;1017083;ZSSD;PILA ALCALINA AA;MR01;374;ARMARIO;CL;SIN TRATAMIENTO
00374 TERMINAL PUNTA COLORADA;02-MENOR A PUNTO DE PEDIDO;1029477;ZSTO;CORREA 8PK-1420;MR01;374;TABLERO 2;V1;ADJUDICADO
00374 TERMINAL PUNTA COLORADA;02-MENOR A PUNTO DE PEDIDO;1041940;ZSCD;MAMELUCO GRAFA AZUL C/LOGO Y REFL. T.XXL;MR01;374;MF03;CL;ADJUDICADO
00374 TERMINAL PUNTA COLORADA;02-MENOR A PUNTO DE PEDIDO;1042515;ZSCD;BOTIN CONW 53 BAF MARRON P.ACER N41;MR01;374;EB02PALLET;CL;SIN TRATAMIENTO
00374 TERMINAL PUNTA COLORADA;02-MENOR A PUNTO DE PEDIDO;1042517;ZSCD;BOTIN CONW 53 BAF MARRON P.ACER N43;MR01;374;EC02PALLET;CL;SIN TRATAMIENTO
00374 TERMINAL PUNTA COLORADA;02-MENOR A PUNTO DE PEDIDO;1042678;ZSCD;MAMELUCO GRAFA AZUL C/LOGO Y REFL. T.4XL;MR01;374;MG04;CL;ADJUDICADO
00374 TERMINAL PUNTA COLORADA;02-MENOR A PUNTO DE PEDIDO;1047700;ZSCD;CHALECO REFLECTIVO NARANJA C2 C/LOGO T.S;MR01;374;MI06;V1;CUMPLIDO PARCIAL
00374 TERMINAL PUNTA COLORADA;02-MENOR A PUNTO DE PEDIDO;1047701;ZSCD;CHALECO REFLECTIVO NARANJA C2 C/LOGO T.M;MR01;374;MI06;V1;ADJUDICADO
00374 TERMINAL PUNTA COLORADA;01-STOCK NULO;1001710;ZSTO;CINTA DEMARCAR PELIGRO ECOLOGICA;MR01;374;MI05;V1;CUMPLIDO PARCIAL
00374 TERMINAL PUNTA COLORADA;01-STOCK NULO;1001939;ZSTO;DISCO P MADERA DE SIERRA CIRCULAR XUN;MR01;374;MI05;V1;EMBALADO
00374 TERMINAL PUNTA COLORADA;01-STOCK NULO;1002000;ZSTO;CAMISA JEAN T.38 C LOGO;MR01;374;MF02;V1;EMBALADO
00374 TERMINAL PUNTA COLORADA;01-STOCK NULO;1002071;ZSTO;CAMPERA DESCARNE T.XXXL;MR01;374;MA02;V1;CUMPLIDO PARCIAL
00374 TERMINAL PUNTA COLORADA;01-STOCK NULO;1002274;ZSTO;CUCHILLA 7′ X 8″ X 5/8″ X 3/4″;MR01;374;GA02PALLET;V1;EMBALADO
00374 TERMINAL PUNTA COLORADA;01-STOCK NULO;1002309;ZSTO;PROTECTOR ESCARIFICADOR X UN;MR01;374;GC01CAJON2;V1;EMBALADO
00374 TERMINAL PUNTA COLORADA;01-STOCK NULO;1003669;ZSTO;PIN PIN STOP;MR01;374;;V1;ADJUDICADO
00374 TERMINAL PUNTA COLORADA;01-STOCK NULO;1003674;ZSTO;CHISEL (W P);MR01;374;;V1;ADJUDICADO
00374 TERMINAL PUNTA COLORADA;01-STOCK NULO;1003675;ZSTO;CHISEL (C P);MR01;374;;V1;ADJUDICADO
00374 TERMINAL PUNTA COLORADA;01-STOCK NULO;1017143;ZSSD;CABO P PALA MADERA Y METAL 0.70MT.;MR01;374;;V1;ADJUDICADO
00374 TERMINAL PUNTA COLORADA;01-STOCK NULO;1017148;ZSSD;BARRETA SACACLAVOS 19X400;MR01;374;;V1;ADJUDICADO
00374 TERMINAL PUNTA COLORADA;01-STOCK NULO;1018580;ZSSD;BULONES;MR01;374;BA01BIS;V1;ADJUDICADO
00374 TERMINAL PUNTA COLORADA;01-STOCK NULO;1022044;ZSTO;BULON DE CANTONERA;MR01;374;BB01BIS;V1;SIN TRATAMIENTO
00374 TERMINAL PUNTA COLORADA;01-STOCK NULO;1022046;ZSTO;TUERCA DE CANTONERA;MR01;374;BB01BIS;V1;SIN TRATAMIENTO
00374 TERMINAL PUNTA COLORADA;01-STOCK NULO;1026082;ZSSD;MAZA VOLEO 5KG BRONCE/CABO PLASTICO;MR01;374;;V1;ADJUDICADO
00374 TERMINAL PUNTA COLORADA;01-STOCK NULO;1029977;ZSTO;GRASA BECHEM HIGH - LUB LM 2EP;MR01;374;;V1;SIN TRATAMIENTO
00374 TERMINAL PUNTA COLORADA;01-STOCK NULO;1034221;ZSTO;GRASA PARA CABLE MOLYSIL 369X X16KG;MR01;374;;V1;EMBALADO
00374 TERMINAL PUNTA COLORADA;01-STOCK NULO;1041725;ZSTO;"CUCHILLA (7′ X 8″ X 5/8″) X 15 Aguj 5/8""";MR01;374;GA02PALLET;V1;ADJUDICADO
00374 TERMINAL PUNTA COLORADA;01-STOCK NULO;1042867;ZSCD;CRIQUE TENSOR C/TERMINAL 50MM. X 6MTS.;MR01;374;BA01SUB;V1;ADJUDICADO
00374 TERMINAL PUNTA COLORADA;01-STOCK NULO;1047471;ZSCD;TRIPA P/VIBRADOR DE H° HEXAG. 38MMX6M;MR01;374;;V1;SIN TRATAMIENTO
00374 TERMINAL PUNTA COLORADA;01-STOCK NULO;1047473;ZSCD;TRIPA P/VIBRADOR DE H° HEXAG. 35MMX3,5M;MR01;374;;V1;SIN TRATAMIENTO
00374 TERMINAL PUNTA COLORADA;01-STOCK NULO;1048841;ZSCD;CARTUCHO TONER W1500A/150A;MR01;374;;V1;SIN TRATAMIENTO
00374 TERMINAL PUNTA COLORADA;01-STOCK NULO;1048842;ZSCD;CARTUCHO TONER NEXT ONE TN660/2370;MR01;374;;V1;SIN TRATAMIENTO
00374 TERMINAL PUNTA COLORADA;01-STOCK NULO;1048843;ZSCD;CARTUCHO TONER RICOH IM460F;MR01;374;;V1;SIN TRATAMIENTO
00374 TERMINAL PUNTA COLORADA;01-STOCK NULO;1048856;ZSCD;BALDE PLASTICO 12LTS.;MR01;374;;V1;ADJUDICADO
00375 YPF OLEODUCTO PR-LP;02-MENOR A PUNTO DE PEDIDO;1001679;ZSTO;FICHA T.STECK MACHO 220V 16A 2P T XUN;MR01;375;P2-B5;V1;DESPACHADO
00375 YPF OLEODUCTO PR-LP;02-MENOR A PUNTO DE PEDIDO;1001686;ZSTO;ANTEOJO GRIS ECOLINEHC;MR01;375;P1-B2;V1;CUMPLIDO PARCIAL
00375 YPF OLEODUCTO PR-LP;02-MENOR A PUNTO DE PEDIDO;1001697;ZSTO;GUANTE VAQUETA MEDIO PASEO T.10;MR01;375;P1-C4;V1;DESPACHADO
00375 YPF OLEODUCTO PR-LP;02-MENOR A PUNTO DE PEDIDO;1001699;ZSTO;CASCO CARCAZA BLANCO (LIBUS);MR01;375;P1-B5;V1;DESPACHADO
00375 YPF OLEODUCTO PR-LP;02-MENOR A PUNTO DE PEDIDO;1001700;ZSTO;CASCO CARCAZA AMARILLO;MR01;375;P1-A5;V1;DESPACHADO
00375 YPF OLEODUCTO PR-LP;02-MENOR A PUNTO DE PEDIDO;1001702;ZSTO;GUANTE SOLDADOR COSTURA KEVLAR;MR01;375;P1-C4;V1;DESPACHADO
00375 YPF OLEODUCTO PR-LP;02-MENOR A PUNTO DE PEDIDO;1001708;ZSTO;GUANTE POLIAMIDA LAMINADO PALMAPU-TALLE9;MR01;375;P1-B3;V1;DESPACHADO
00375 YPF OLEODUCTO PR-LP;02-MENOR A PUNTO DE PEDIDO;1001717;ZSTO;PROTECTOR FACIAL BURBUJA INCOLORO;MR01;375;P1-C2;V1;DESPACHADO
00375 YPF OLEODUCTO PR-LP;02-MENOR A PUNTO DE PEDIDO;1001726;ZSTO;SUSPENSION CREMALLERA;MR01;375;P1-B5;V1;DESPACHADO
00375 YPF OLEODUCTO PR-LP;02-MENOR A PUNTO DE PEDIDO;1001745;ZSTO;BOTA GOMA P.ACERO N 41;MR01;375;CB-C5;V1;SIN TRATAMIENTO
00375 YPF OLEODUCTO PR-LP;02-MENOR A PUNTO DE PEDIDO;1001746;ZSTO;BOTA GOMA P.ACERO N 42;MR01;375;CB-C5;V1;SIN TRATAMIENTO
00375 YPF OLEODUCTO PR-LP;02-MENOR A PUNTO DE PEDIDO;1001823;ZSTO;ACEITE F50 5W40 X 20 L;MR01;375;PATIO;V1;DESPACHADO
00375 YPF OLEODUCTO PR-LP;02-MENOR A PUNTO DE PEDIDO;1001867;ZSTO;MARCADOR INDUSTRIAL-BLANCOXUN;MR01;375;P3-A3;V1;DESPACHADO
00375 YPF OLEODUCTO PR-LP;02-MENOR A PUNTO DE PEDIDO;1001878;ZSTO;CINTA DE ENMASCARAR 48MM X ROLLO;MR01;375;P1-F3;V1;DESPACHADO
00375 YPF OLEODUCTO PR-LP;02-MENOR A PUNTO DE PEDIDO;1001885;ZSTO;BOLSAS RESIDUOS XUN 102X130 VERDE;MR01;375;P1-A5;V1;DESPACHADO
00375 YPF OLEODUCTO PR-LP;02-MENOR A PUNTO DE PEDIDO;1001886;ZSTO;BOLSAS RESIDUOS XUN 102X130 AZUL;MR01;375;P1-A5;V1;DESPACHADO
00375 YPF OLEODUCTO PR-LP;02-MENOR A PUNTO DE PEDIDO;1001906;ZSTO;RAID AZUL;MR01;375;P3-D3;V1;PICKEADO
00375 YPF OLEODUCTO PR-LP;02-MENOR A PUNTO DE PEDIDO;1001927;ZSTO;DISCO CORTE 178X1.6X22 SECUR EXTRA  x UN;MR01;375;P1-B4;V1;DESPACHADO
00375 YPF OLEODUCTO PR-LP;02-MENOR A PUNTO DE PEDIDO;1001952;ZSTO;TRAPO LIMPIO (BOLSAX10KG) XUN;MR01;375;;V1;DESPACHADO
00375 YPF OLEODUCTO PR-LP;02-MENOR A PUNTO DE PEDIDO;1001959;ZSTO;CINTA TEFLON 3/4 X 20MT;MR01;375;P2-A3;V1;DESPACHADO
00375 YPF OLEODUCTO PR-LP;02-MENOR A PUNTO DE PEDIDO;1001961;ZSTO;CINTA AISLADORA NEGRA X10MT;MR01;375;P2-A3;V1;DESPACHADO
00375 YPF OLEODUCTO PR-LP;02-MENOR A PUNTO DE PEDIDO;1001969;ZSTO;ESMALTE SINT. AEROSOL BLANCO X440CC;MR01;375;ARMARIO;V1;DESPACHADO
00375 YPF OLEODUCTO PR-LP;02-MENOR A PUNTO DE PEDIDO;1001971;ZSTO;ESMALTE SINT. AEROSOL ROJO X 440CC;MR01;375;ARMARIO;V1;DESPACHADO
00375 YPF OLEODUCTO PR-LP;02-MENOR A PUNTO DE PEDIDO;1002527;ZSTO;FILTRO AIRE CABINA;MR01;375;;V1;DESPACHADO
00375 YPF OLEODUCTO PR-LP;02-MENOR A PUNTO DE PEDIDO;1003029;ZSTO;FILTRO DE AIRE PRIMARIO CAT;MR01;375;;V1;DESPACHADO
00375 YPF OLEODUCTO PR-LP;02-MENOR A PUNTO DE PEDIDO;1003030;ZSTO;FILTRO DE AIRE SECUNDARIO;MR01;375;CA-D4;V1;DESPACHADO
00375 YPF OLEODUCTO PR-LP;02-MENOR A PUNTO DE PEDIDO;1003031;ZSTO;FILTRO DE COMBUSTIBLE;MR01;375;CA-C3;V1;DESPACHADO
00375 YPF OLEODUCTO PR-LP;02-MENOR A PUNTO DE PEDIDO;1003032;ZSTO;FILTRO TRAMPA DE AGUA;MR01;375;CA-D3;V1;DESPACHADO
00375 YPF OLEODUCTO PR-LP;02-MENOR A PUNTO DE PEDIDO;1003033;ZSTO;FILTRO DE ACEITE MOTOR;MR01;375;CA-C3;V1;SIN TRATAMIENTO
00375 YPF OLEODUCTO PR-LP;02-MENOR A PUNTO DE PEDIDO;1003087;ZSTO;FILTRO COMBUSTIBLE;MR01;375;CA-C2;V1;DESPACHADO
00375 YPF OLEODUCTO PR-LP;02-MENOR A PUNTO DE PEDIDO;1003164;ZSTO;FILTRO DE BOMBA SIST. UREA;MR01;375;CA-C4;V1;DESPACHADO
00375 YPF OLEODUCTO PR-LP;02-MENOR A PUNTO DE PEDIDO;1013682;ZSSD;MAMELUCO IGNIFUGO T.XXL C/LOGO;MR01;375;;V1;DESPACHADO
00375 YPF OLEODUCTO PR-LP;02-MENOR A PUNTO DE PEDIDO;1015787;ZSSD;DESODORANTE EN AEROSOL X UN;MR01;375;P3-D4;V1;PICKEADO
00375 YPF OLEODUCTO PR-LP;02-MENOR A PUNTO DE PEDIDO;1015800;ZSSD;GUANTE VAQUETA MEDIO PASEO FORRADO X PAR;MR01;375;P3-B3;RE;DESPACHADO
00375 YPF OLEODUCTO PR-LP;02-MENOR A PUNTO DE PEDIDO;1017043;ZSSD;CABO MADERA PARA BARREDOR;MR01;375;P1-C;V1;PICKEADO
00375 YPF OLEODUCTO PR-LP;02-MENOR A PUNTO DE PEDIDO;1026253;ZSCD;ELECTRODO 8010 x 5MM X KG BOHLER CEL85;MR01;375;P2;V1;SIN TRATAMIENTO
00375 YPF OLEODUCTO PR-LP;02-MENOR A PUNTO DE PEDIDO;1026279;ZSTO;ESCOBILLA VM 330;MR01;375;;RE;DESPACHADO
00375 YPF OLEODUCTO PR-LP;01-STOCK NULO;1001775;ZSTO;ESLINGA SINTETICA 8MTS 6TN CERTIFICADA;MR01;375;CB-A3;V1;CUMPLIDO PARCIAL
00375 YPF OLEODUCTO PR-LP;01-STOCK NULO;1001778;ZSTO;YERBA MATE X 500GRS X UN;MR01;375;P3-C3;V1;ADJUDICADO
00375 YPF OLEODUCTO PR-LP;01-STOCK NULO;1001830;ZSTO;CUBIERTA 295 80 R22.5;MR01;375;PATIO;V1;DESPACHADO
00375 YPF OLEODUCTO PR-LP;01-STOCK NULO;1001840;ZSTO;CUBIERTA 17.5-25 VIAL SP 16 TELAS L2;MR01;375;PATIO;V1;DESPACHADO
00375 YPF OLEODUCTO PR-LP;01-STOCK NULO;1001919;ZSTO;REPELENTE PARA INSECTOS OFF EN AEROSOL;MR01;375;;V1;PICKEADO
00375 YPF OLEODUCTO PR-LP;01-STOCK NULO;1001933;ZSTO;DISCO 114x1,6x222 REFORZADO x UN;MR01;375;;V1;DESPACHADO
00375 YPF OLEODUCTO PR-LP;01-STOCK NULO;1001950;ZSTO;CANDADO 40MM XUN;MR01;375;P2-A3;V1;DESPACHADO
00375 YPF OLEODUCTO PR-LP;01-STOCK NULO;1001951;ZSTO;CANDADO 50MM XUN;MR01;375;P1-F3;V1;DESPACHADO
00375 YPF OLEODUCTO PR-LP;01-STOCK NULO;1001962;ZSTO;CINTA AISLADORA ROJA X10MT;MR01;375;P1-F3;V1;DESPACHADO
00375 YPF OLEODUCTO PR-LP;01-STOCK NULO;1001963;ZSTO;CINTA AISLADORA VERDE X10MT;MR01;375;;V1;DESPACHADO
00375 YPF OLEODUCTO PR-LP;01-STOCK NULO;1001964;ZSTO;CINTA AISLADORA BLANCA;MR01;375;P1-F3;V1;PICKEADO
00375 YPF OLEODUCTO PR-LP;01-STOCK NULO;1001968;ZSTO;ESMALTE SINT. AEROSOL AMARILLO X440CC;MR01;375;ARMARIO;V1;DESPACHADO
00375 YPF OLEODUCTO PR-LP;01-STOCK NULO;1003088;ZSTO;FILTRO AIRE;MR01;375;CA-D4;V1;DESPACHADO
00375 YPF OLEODUCTO PR-LP;01-STOCK NULO;1003089;ZSTO;FILTRO DE CABINA;MR01;375;CA-D2;V1;DESPACHADO
00375 YPF OLEODUCTO PR-LP;01-STOCK NULO;1003650;ZSTO;DISCOS DE FRENOS;MR01;375;CA-D5;V1;DESPACHADO
00375 YPF OLEODUCTO PR-LP;01-STOCK NULO;1003651;ZSTO;PASTILLAS DE FRENO;MR01;375;;V1;DESPACHADO
00375 YPF OLEODUCTO PR-LP;01-STOCK NULO;1003953;ZSTO;BATERIA 12V 75AMP;MR01;375;;RE;DESPACHADO
00375 YPF OLEODUCTO PR-LP;01-STOCK NULO;1013680;ZSSD;MAMELUCO IGNIFUGO T.L C/LOGO;MR01;375;P3-A3;V1;DESPACHADO
00375 YPF OLEODUCTO PR-LP;01-STOCK NULO;1013681;ZSSD;MAMELUCO IGNIFUGO T.XL C/LOGO;MR01;375;P2-B3;V1;SIN TRATAMIENTO
00375 YPF OLEODUCTO PR-LP;01-STOCK NULO;1013683;ZSSD;MAMELUCO IGNIFUGO T.XXXL C/LOGO;MR01;375;;V1;DESPACHADO
00375 YPF OLEODUCTO PR-LP;01-STOCK NULO;1015802;ZSSD;HOJA DE SIERRA 18D;MR01;375;;RE;ADJUDICADO
00375 YPF OLEODUCTO PR-LP;01-STOCK NULO;1016910;ZSSD;CINTA METRICA X10MT CON PASACINTO;MR01;375;;RE;ADJUDICADO
00375 YPF OLEODUCTO PR-LP;01-STOCK NULO;1016930;ZSSD;BALDE ALBANIL PLASTICO;MR01;375;P1-A1;RE;ADJUDICADO
00375 YPF OLEODUCTO PR-LP;01-STOCK NULO;1016934;ZSSD;MAZA MINERO 2KG;MR01;375;;V1;ADJUDICADO
00375 YPF OLEODUCTO PR-LP;01-STOCK NULO;1016983;ZSSD;CUCHARA ALBANIL FORJADA 7PG;MR01;375;;V1;SIN TRATAMIENTO
00375 YPF OLEODUCTO PR-LP;01-STOCK NULO;1017005;ZSSD;CADENA PLASTICA ROJA Y BLANCA X ML;MR01;375;CA-A2;RE;DESPACHADO
00375 YPF OLEODUCTO PR-LP;01-STOCK NULO;1017026;ZSSD;ABRAZADERA AMERICANA 8-16;MR01;375;;V1;ADJUDICADO
00375 YPF OLEODUCTO PR-LP;01-STOCK NULO;1017064;ZSSD;SECADOR DE PISO 50CM;MR01;375;;RE;PICKEADO
00375 YPF OLEODUCTO PR-LP;01-STOCK NULO;1017241;ZSSD;BOTA PETROLERA N 40;MR01;375;;V1;DESPACHADO
00375 YPF OLEODUCTO PR-LP;01-STOCK NULO;1017242;ZSSD;BOTA PETROLERA N 41;MR01;375;;V1;DESPACHADO
00375 YPF OLEODUCTO PR-LP;01-STOCK NULO;1017243;ZSSD;BOTA PETROLERA N 42;MR01;375;;V1;DESPACHADO
00375 YPF OLEODUCTO PR-LP;01-STOCK NULO;1017244;ZSSD;BOTA PETROLERA N 43;MR01;375;;V1;DESPACHADO
00375 YPF OLEODUCTO PR-LP;01-STOCK NULO;1017936;ZSSD;PALA ANCHA FORJADA CABO MADERA Y METAL X;MR01;375;;V1;SIN TRATAMIENTO
00375 YPF OLEODUCTO PR-LP;01-STOCK NULO;1017937;ZSSD;PALA CORAZON FORJADA CABO MADERA Y METAL;MR01;375;;V1;SIN TRATAMIENTO
00375 YPF OLEODUCTO PR-LP;01-STOCK NULO;1025951;ZSSD;MECHA ACERO RAPIDO D8 MM;MR01;375;;V1;ADJUDICADO
00375 YPF OLEODUCTO PR-LP;01-STOCK NULO;1027995;ZSSD;CEPILLO TRENZADO FPL 115X6X22 115105C622;MR01;375;;RE;ADJUDICADO
00375 YPF OLEODUCTO PR-LP;01-STOCK NULO;1028183;ZSTO;Filtro Aceite Motor;MR01;375;;V1;DESPACHADO
00375 YPF OLEODUCTO PR-LP;01-STOCK NULO;1028184;ZSTO;Filtro Trampa de Agua;MR01;375;;V1;DESPACHADO
00375 YPF OLEODUCTO PR-LP;01-STOCK NULO;1028185;ZSTO;Filtro Sepador Combustible;MR01;375;CA-D2;V1;DESPACHADO
00375 YPF OLEODUCTO PR-LP;01-STOCK NULO;1028188;ZSTO;Filtro Admision Secundario;MR01;375;;V1;DESPACHADO
00375 YPF OLEODUCTO PR-LP;01-STOCK NULO;1028190;ZSTO;Filtro Admision Primario;MR01;375;CA-C1;V1;DESPACHADO
0376 VELADERO FASE 8B /SAN JUAN;02-MENOR A PUNTO DE PEDIDO;1001702;ZSTO;GUANTE SOLDADOR COSTURA KEVLAR;MM01;376;N3;V1;PICKEADO PARCIAL
0376 VELADERO FASE 8B /SAN JUAN;02-MENOR A PUNTO DE PEDIDO;1001707;ZSTO;CHALECOGRAFANARANJACONREFLETIVOT.XLC2;MM01;376;B1;V1;PICKEADO PARCIAL
0376 VELADERO FASE 8B /SAN JUAN;02-MENOR A PUNTO DE PEDIDO;1001708;ZSTO;GUANTE POLIAMIDA LAMINADO PALMAPU-TALLE9;MM01;376;Q2;V1;CUMPLIDO PARCIAL
0376 VELADERO FASE 8B /SAN JUAN;02-MENOR A PUNTO DE PEDIDO;1001717;ZSTO;PROTECTOR FACIAL BURBUJA INCOLORO;MM01;376;B2BIS;V1;PICKEADO PARCIAL
0376 VELADERO FASE 8B /SAN JUAN;02-MENOR A PUNTO DE PEDIDO;1001773;ZSTO;CHALECOMICROPERFAMARILLOCONREFLECTIVO;MM01;376;Q1;V1;PICKEADO PARCIAL
0376 VELADERO FASE 8B /SAN JUAN;02-MENOR A PUNTO DE PEDIDO;1001791;ZSTO;ACEITE SAE 30 X 205L;MM01;376;PLAYAOBRAD;V1;PICKEADO PARCIAL
0376 VELADERO FASE 8B /SAN JUAN;02-MENOR A PUNTO DE PEDIDO;1001804;ZSTO;GRASA LITIO LIMIT MO-2 (NEGRA) X 180 KG;MM01;376;PLAYAOBRAD;V1;DESPACHADO
0376 VELADERO FASE 8B /SAN JUAN;02-MENOR A PUNTO DE PEDIDO;1001827;ZSTO;CUBIERTA 12.00 R20 FG85 (lineal);MM01;376;LAT.CARPA;V1;DESPACHADO
0376 VELADERO FASE 8B /SAN JUAN;02-MENOR A PUNTO DE PEDIDO;1001876;ZSTO;CINTA EMBALAR TRANSPARENTE 48MM X 100 MT;MM01;376;O2;V1;SIN TRATAMIENTO
0376 VELADERO FASE 8B /SAN JUAN;02-MENOR A PUNTO DE PEDIDO;1001885;ZSTO;BOLSAS RESIDUOS XUN 102X130 VERDE;MM01;376;A1;V1;PICKEADO PARCIAL
0376 VELADERO FASE 8B /SAN JUAN;02-MENOR A PUNTO DE PEDIDO;1001894;ZSTO;ALCOHOL EN GEL X LITRO;MM01;376;L1;V1;DESPACHADO
0376 VELADERO FASE 8B /SAN JUAN;02-MENOR A PUNTO DE PEDIDO;1001898;ZSTO;BOBINA DE PAPEL 25 X 400MTS X UN;MM01;376;H3;V1;PICKEADO PARCIAL
0376 VELADERO FASE 8B /SAN JUAN;02-MENOR A PUNTO DE PEDIDO;1001902;ZSTO;PERFUMINA X 5 LTS;MM01;376;E1;V1;SIN TRATAMIENTO
0376 VELADERO FASE 8B /SAN JUAN;02-MENOR A PUNTO DE PEDIDO;1001914;ZSTO;CABO MADERA PARA ESCOBA;MM01;376;H3;V1;SIN TRATAMIENTO
0376 VELADERO FASE 8B /SAN JUAN;02-MENOR A PUNTO DE PEDIDO;1001927;ZSTO;DISCO CORTE 178X1.6X22 SECUR EXTRA  x UN;MM01;376;C2;V1;PICKEADO PARCIAL
0376 VELADERO FASE 8B /SAN JUAN;02-MENOR A PUNTO DE PEDIDO;1001933;ZSTO;DISCO 114x1,6x222 REFORZADO x UN;MM01;376;C2;V1;PICKEADO PARCIAL
0376 VELADERO FASE 8B /SAN JUAN;02-MENOR A PUNTO DE PEDIDO;1001949;ZSTO;CANDADO 30MM XUN;MM01;376;O2;V1;PICKEADO PARCIAL
0376 VELADERO FASE 8B /SAN JUAN;02-MENOR A PUNTO DE PEDIDO;1001962;ZSTO;CINTA AISLADORA ROJA X10MT;MM01;376;O2;V1;PICKEADO PARCIAL
0376 VELADERO FASE 8B /SAN JUAN;02-MENOR A PUNTO DE PEDIDO;1001963;ZSTO;CINTA AISLADORA VERDE X10MT;MM01;376;O2;V1;PICKEADO PARCIAL
0376 VELADERO FASE 8B /SAN JUAN;02-MENOR A PUNTO DE PEDIDO;1001968;ZSTO;ESMALTE SINT. AEROSOL AMARILLO X440CC;MM01;376;GAV.AEROS.;V1;PICKEADO PARCIAL
0376 VELADERO FASE 8B /SAN JUAN;02-MENOR A PUNTO DE PEDIDO;1001970;ZSTO;ESMALTE SINT. AEROSOL NEGRO X440CC;MM01;376;GAV.AEROS.;V1;PICKEADO PARCIAL
0376 VELADERO FASE 8B /SAN JUAN;02-MENOR A PUNTO DE PEDIDO;1001971;ZSTO;ESMALTE SINT. AEROSOL ROJO X 440CC;MM01;376;GAV.LUBR.;V1;PICKEADO PARCIAL
0376 VELADERO FASE 8B /SAN JUAN;02-MENOR A PUNTO DE PEDIDO;1001972;ZSTO;ESMALTE SINT. AEROSOL VERDE X440CC;MM01;376;GAV.LUBR.;V1;CUMPLIDO PARCIAL
0376 VELADERO FASE 8B /SAN JUAN;02-MENOR A PUNTO DE PEDIDO;1001973;ZSTO;ESMALTE SINT. AEROSOL AZUL X440CC;MM01;376;GAV.LUBR.;V1;DESPACHADO
0376 VELADERO FASE 8B /SAN JUAN;02-MENOR A PUNTO DE PEDIDO;1002016;ZSTO;PANTALON JEAN T.48;MM01;376;B5;V1;PICKEADO PARCIAL
0376 VELADERO FASE 8B /SAN JUAN;02-MENOR A PUNTO DE PEDIDO;1002055;ZSTO;MEDIAS TERMICAS T. UNICO PARA -10 GRADOS;MM01;376;B4;V1;PICKEADO PARCIAL
0376 VELADERO FASE 8B /SAN JUAN;02-MENOR A PUNTO DE PEDIDO;1002058;ZSTO;CAMPERA ABRIGO T. L ROJA CON LOGO;MM01;376;P3;V1;PICKEADO PARCIAL
0376 VELADERO FASE 8B /SAN JUAN;02-MENOR A PUNTO DE PEDIDO;1002059;ZSTO;CAMPERA ABRIGO T. XL ROJA CON LOGO;MM01;376;P3;V1;PICKEADO PARCIAL
0376 VELADERO FASE 8B /SAN JUAN;02-MENOR A PUNTO DE PEDIDO;1002071;ZSTO;CAMPERA DESCARNE T.XXXL;MM01;376;M2;V1;PICKEADO PARCIAL
0376 VELADERO FASE 8B /SAN JUAN;02-MENOR A PUNTO DE PEDIDO;1002206;ZSTO;CORREA B-54 X UN;MM01;376;L3;V1;SIN TRATAMIENTO
0376 VELADERO FASE 8B /SAN JUAN;02-MENOR A PUNTO DE PEDIDO;1002211;ZSTO;CORREA VENTILADOR;MM01;376;C3CJ3;V1;SIN TRATAMIENTO
0376 VELADERO FASE 8B /SAN JUAN;02-MENOR A PUNTO DE PEDIDO;1002212;ZSTO;CORREA DE ALTERNADOR;MM01;376;C3CJ1;V1;SIN TRATAMIENTO
0376 VELADERO FASE 8B /SAN JUAN;02-MENOR A PUNTO DE PEDIDO;1002229;ZSTO;TUERCA CUCHILLA CORTE LATERAL;MM01;376;L2;V1;PICKEADO PARCIAL
0376 VELADERO FASE 8B /SAN JUAN;02-MENOR A PUNTO DE PEDIDO;1002258;ZSTO;UNA BALDE;MM01;376;I2 CAJON4;V1;CUMPLIDO PARCIAL
0376 VELADERO FASE 8B /SAN JUAN;02-MENOR A PUNTO DE PEDIDO;1002324;ZSTO;CUCHILLA 15 AGUJEROS;MM01;376;PASILLO B;V1;DESPACHADO
0376 VELADERO FASE 8B /SAN JUAN;02-MENOR A PUNTO DE PEDIDO;1002378;ZSTO;TRABA BALDE TRAS;MM01;376;GAV1 - G2;V1;PICKEADO PARCIAL
0376 VELADERO FASE 8B /SAN JUAN;02-MENOR A PUNTO DE PEDIDO;1002408;ZSTO;SEGMENTOS DE CORTE CENTRAL;MM01;376;H1;V1;CUMPLIDO PARCIAL
0376 VELADERO FASE 8B /SAN JUAN;02-MENOR A PUNTO DE PEDIDO;1002541;ZSTO;FILTRO DE LINEA XUN;MM01;376;E2;V1;CUMPLIDO PARCIAL
0376 VELADERO FASE 8B /SAN JUAN;02-MENOR A PUNTO DE PEDIDO;1002606;ZSTO;FILTRO COMBUSTIBLE X UN;MM01;376;E3;V1;PICKEADO PARCIAL
0376 VELADERO FASE 8B /SAN JUAN;02-MENOR A PUNTO DE PEDIDO;1002623;ZSTO;FILTRO AIRE 2 XUN;MM01;376;K4;V1;PICKEADO PARCIAL
0376 VELADERO FASE 8B /SAN JUAN;02-MENOR A PUNTO DE PEDIDO;1002682;ZSTO;FILTRO ACEITE MOTOR XUN;MM01;376;F2 BIS;V1;PICKEADO PARCIAL
0376 VELADERO FASE 8B /SAN JUAN;02-MENOR A PUNTO DE PEDIDO;1002722;ZSTO;FILTRO COMBUSTIBLE;MM01;376;G4;V1;CUMPLIDO PARCIAL
0376 VELADERO FASE 8B /SAN JUAN;02-MENOR A PUNTO DE PEDIDO;1002760;ZSTO;FILTRO AIRE CABINA INTERIOR XUN;MM01;376;E3;V1;CUMPLIDO PARCIAL
0376 VELADERO FASE 8B /SAN JUAN;02-MENOR A PUNTO DE PEDIDO;1002776;ZSTO;FILTRO AIRE PRIMARIO XUN;MM01;376;K5;V1;PICKEADO PARCIAL
0376 VELADERO FASE 8B /SAN JUAN;02-MENOR A PUNTO DE PEDIDO;1002832;ZSTO;FILTRO COMBUSTIBLE;MM01;376;F3 BIS;V1;PICKEADO PARCIAL
0376 VELADERO FASE 8B /SAN JUAN;02-MENOR A PUNTO DE PEDIDO;1002920;ZSTO;FILTRO TRAMPA DE AGUA;MM01;376;D3;V1;DESPACHADO PARCIAL
0376 VELADERO FASE 8B /SAN JUAN;02-MENOR A PUNTO DE PEDIDO;1003027;ZSTO;ELEMENTO FILTRO DE ACEITE;MM01;376;E2;V1;CUMPLIDO PARCIAL
0376 VELADERO FASE 8B /SAN JUAN;02-MENOR A PUNTO DE PEDIDO;1003087;ZSTO;FILTRO COMBUSTIBLE;MM01;376;L4;V1;CUMPLIDO PARCIAL
0376 VELADERO FASE 8B /SAN JUAN;02-MENOR A PUNTO DE PEDIDO;1003093;ZSTO;FILTRO DE COMBUSTIBLE;MM01;376;K2;V1;CUMPLIDO PARCIAL
0376 VELADERO FASE 8B /SAN JUAN;02-MENOR A PUNTO DE PEDIDO;1003096;ZSTO;FILTRO DE AIRE TANQUE DE COMBUSTIBLE;MM01;376;K2;V1;PICKEADO PARCIAL
0376 VELADERO FASE 8B /SAN JUAN;02-MENOR A PUNTO DE PEDIDO;1003121;ZSTO;FILTRO DE UREA;MM01;376;C2;V1;PICKEADO PARCIAL
0376 VELADERO FASE 8B /SAN JUAN;02-MENOR A PUNTO DE PEDIDO;1003126;ZSTO;FILTRO SECADO DE AIRE;MM01;376;K2;V1;PICKEADO PARCIAL
0376 VELADERO FASE 8B /SAN JUAN;02-MENOR A PUNTO DE PEDIDO;1003170;ZSTO;FILTRO DE AIRE PRIMARIO;MM01;376;C2BIS;V1;SIN TRATAMIENTO
0376 VELADERO FASE 8B /SAN JUAN;02-MENOR A PUNTO DE PEDIDO;1003171;ZSTO;FILTRO DE AIRE SECUNDARIO;MM01;376;M4;V1;SIN TRATAMIENTO
0376 VELADERO FASE 8B /SAN JUAN;02-MENOR A PUNTO DE PEDIDO;1003172;ZSTO;FILTRO ACEITE MOTOR;MM01;376;G2;V1;SIN TRATAMIENTO
0376 VELADERO FASE 8B /SAN JUAN;02-MENOR A PUNTO DE PEDIDO;1003176;ZSTO;FILTRO A A CABINA INTERIOR;MM01;376;F3;V1;SIN TRATAMIENTO
0376 VELADERO FASE 8B /SAN JUAN;02-MENOR A PUNTO DE PEDIDO;1003180;ZSTO;FILTRO DE AIRE;MM01;376;E4;V1;CUMPLIDO PARCIAL
0376 VELADERO FASE 8B /SAN JUAN;02-MENOR A PUNTO DE PEDIDO;1003181;ZSTO;FILTRO DE COMBUSTIBLE;MM01;376;N2;V1;CUMPLIDO PARCIAL
0376 VELADERO FASE 8B /SAN JUAN;02-MENOR A PUNTO DE PEDIDO;1003183;ZSTO;FILTRO DE ACEITE MOTOR;MM01;376;G2;V1;DESPACHADO
0376 VELADERO FASE 8B /SAN JUAN;02-MENOR A PUNTO DE PEDIDO;1003217;ZSTO;FILTRO DE COMBUSTIBLE;MM01;376;G4;V1;CUMPLIDO PARCIAL
0376 VELADERO FASE 8B /SAN JUAN;02-MENOR A PUNTO DE PEDIDO;1003258;ZSTO;FILTRO DE ACEITE;MM01;376;E2 BIS;V1;CUMPLIDO PARCIAL
0376 VELADERO FASE 8B /SAN JUAN;02-MENOR A PUNTO DE PEDIDO;1003360;ZSTO;FILTRO A A CABINA EXTERIOR;MM01;376;F4;V1;PICKEADO PARCIAL
0376 VELADERO FASE 8B /SAN JUAN;02-MENOR A PUNTO DE PEDIDO;1004030;ZSTO;LAMPARA 24V-5W S CULOTE XUN;MM01;376;GAV2-A1;V1;PICKEADO PARCIAL
0376 VELADERO FASE 8B /SAN JUAN;02-MENOR A PUNTO DE PEDIDO;1004252;ZSTO;BALIZASTROBOSCOPICAINTELIGENTE(12V 24V);MM01;376;B3;V1;CUMPLIDO PARCIAL
0376 VELADERO FASE 8B /SAN JUAN;02-MENOR A PUNTO DE PEDIDO;1004317;ZSTO;ACEITE CAJA DE CAMBIOS x 205LTS;MM01;376;PLAYAOBRAD;V1;DESPACHADO
0376 VELADERO FASE 8B /SAN JUAN;02-MENOR A PUNTO DE PEDIDO;1015785;ZSSD;CORRECTOR EN CINTA;MM01;376;A2;V1;ADJUDICADO
0376 VELADERO FASE 8B /SAN JUAN;02-MENOR A PUNTO DE PEDIDO;1016098;ZSTO;FILTRO DE AIRE PRIMARIO;MM01;376;D3;V1;PICKEADO PARCIAL
0376 VELADERO FASE 8B /SAN JUAN;02-MENOR A PUNTO DE PEDIDO;1016099;ZSTO;FILTRO DE AIRE SECUNDARIO;MM01;376;N4;V1;PICKEADO PARCIAL
0376 VELADERO FASE 8B /SAN JUAN;02-MENOR A PUNTO DE PEDIDO;1016196;ZSTO;CUBIERTA TRASERO 13 R 22.5;MM01;376;LAT.CARPA;V1;PICKEADO PARCIAL
0376 VELADERO FASE 8B /SAN JUAN;02-MENOR A PUNTO DE PEDIDO;1016298;ZSTO;UÑAS;MM01;376;I2 CAJON4;V1;DESPACHADO
0376 VELADERO FASE 8B /SAN JUAN;02-MENOR A PUNTO DE PEDIDO;1016443;ZSTO;Uña;MM01;376;I2 CAJON3;V1;PICKEADO PARCIAL
0376 VELADERO FASE 8B /SAN JUAN;02-MENOR A PUNTO DE PEDIDO;1016494;ZSSD;CASCO CARCAZA GRIS;MM01;376;L1;V1;DESPACHADO
0376 VELADERO FASE 8B /SAN JUAN;02-MENOR A PUNTO DE PEDIDO;1016512;ZSTO;Filtro Primario Admision;MM01;376;L5;V1;PICKEADO PARCIAL
0376 VELADERO FASE 8B /SAN JUAN;02-MENOR A PUNTO DE PEDIDO;1016513;ZSTO;Filtro Secundario Admision;MM01;376;E4;V1;PICKEADO PARCIAL
0376 VELADERO FASE 8B /SAN JUAN;02-MENOR A PUNTO DE PEDIDO;1016894;ZSTO;MAMELUCO DE CLAMINADOL XXL 60GR BLANCO;MM01;376;I3;V1;CUMPLIDO PARCIAL
0376 VELADERO FASE 8B /SAN JUAN;02-MENOR A PUNTO DE PEDIDO;1016950;ZSSD;ARRANCAMOTOR AEROSOL WURTH START-RAPID;MM01;376;GAV.LUBR.;V1;SIN TRATAMIENTO
0376 VELADERO FASE 8B /SAN JUAN;02-MENOR A PUNTO DE PEDIDO;1016962;ZSSD;RESALTADOR NARANJA PUNTA CHANFLEADA;MM01;376;A2;V1;ADJUDICADO
0376 VELADERO FASE 8B /SAN JUAN;02-MENOR A PUNTO DE PEDIDO;1016965;ZSSD;PORTABLOCK ACRILICO C CLIP SUPERIOR;MM01;376;B2;V1;SIN TRATAMIENTO
0376 VELADERO FASE 8B /SAN JUAN;02-MENOR A PUNTO DE PEDIDO;1016982;ZSSD;FOLIO A4 ST X100;MM01;376;B2;V1;SIN TRATAMIENTO
0376 VELADERO FASE 8B /SAN JUAN;02-MENOR A PUNTO DE PEDIDO;1017009;ZSSD;BLOCK A5 ESPIRAL CUADRIC 70HS;MM01;376;B2;V1;SIN TRATAMIENTO
0376 VELADERO FASE 8B /SAN JUAN;02-MENOR A PUNTO DE PEDIDO;1017010;ZSSD;BOLIGRAFO TRAZO FINO AZUL;MM01;376;A2;V1;SIN TRATAMIENTO
0376 VELADERO FASE 8B /SAN JUAN;02-MENOR A PUNTO DE PEDIDO;1017021;ZSSD;CUADERNO ESPIRAL CUAD A4 T.DURA 80 HJ;MM01;376;B2;V1;SIN TRATAMIENTO
0376 VELADERO FASE 8B /SAN JUAN;02-MENOR A PUNTO DE PEDIDO;1022631;ZSSD;CARTUCHO DE TINTA;MM01;376;B2;V1;SIN TRATAMIENTO
0376 VELADERO FASE 8B /SAN JUAN;02-MENOR A PUNTO DE PEDIDO;1026342;ZSTO;FILTRO BOMBA DE COMBUSTIBLE;MM01;376;N3;V1;PICKEADO PARCIAL
0376 VELADERO FASE 8B /SAN JUAN;02-MENOR A PUNTO DE PEDIDO;1034629;ZSTO;JUNTA TAPA PRINCIPAL;MM01;376;C2;V1;SIN TRATAMIENTO
0376 VELADERO FASE 8B /SAN JUAN;02-MENOR A PUNTO DE PEDIDO;1046320;ZSTO;BALIZA ESTROBOSCOPICA COLOR VERDE 12V-24;MM01;376;B3;V1;SIN TRATAMIENTO
0376 VELADERO FASE 8B /SAN JUAN;01-STOCK NULO;1001834;ZSTO;CUBIERTA 265 65 17 DUELER A T 693;MM01;376;PASILLO A;V1;SIN TRATAMIENTO
0376 VELADERO FASE 8B /SAN JUAN;01-STOCK NULO;1002376;ZSTO;UNA BALDE TRAS;MM01;376;I2 CAJON3;V1;DESPACHADO
0376 VELADERO FASE 8B /SAN JUAN;01-STOCK NULO;1002937;ZSTO;FILTRO AIRE ACONDICIONADO CABINA EX;MM01;376;E2;V1;PICKEADO PARCIAL
0376 VELADERO FASE 8B /SAN JUAN;01-STOCK NULO;1003026;ZSTO;FILTRO SEPARADOR DE AGUA;MM01;376;G3;V1;CUMPLIDO PARCIAL
0376 VELADERO FASE 8B /SAN JUAN;01-STOCK NULO;1003182;ZSTO;FILTRO GASOIL;MM01;376;G2;V1;PICKEADO PARCIAL
0376 VELADERO FASE 8B /SAN JUAN;01-STOCK NULO;1003300;ZSTO;FILTRO DOSIFICACION DE UREA (COLADOR);MM01;376;GAV1 - A6;V1;PICKEADO PARCIAL
0376 VELADERO FASE 8B /SAN JUAN;01-STOCK NULO;1003301;ZSTO;FILTRO DE TANQUE;MM01;376;D2;V1;PICKEADO PARCIAL
0376 VELADERO FASE 8B /SAN JUAN;01-STOCK NULO;1003302;ZSTO;FILTRO ACEITE CAJA DE CAMBIO;MM01;376;D2;V1;PICKEADO PARCIAL
0376 VELADERO FASE 8B /SAN JUAN;01-STOCK NULO;1004040;ZSTO;LAMPARA 24V-H3 70W X UN;MM01;376;GAV2-A7;V1;CUMPLIDO PARCIAL
0376 VELADERO FASE 8B /SAN JUAN;01-STOCK NULO;1015761;ZSSD;BOLSAS DE RESIDUOS 45X60 x ROLLO;MM01;376;Q3;V1;ADJUDICADO
0376 VELADERO FASE 8B /SAN JUAN;01-STOCK NULO;1016163;ZSTO;FILTRO TRAMPA DE AGUA;MM01;376;L2;V1;DESPACHADO
0376 VELADERO FASE 8B /SAN JUAN;01-STOCK NULO;1016437;ZSTO;Inyector bomba;MM01;376;K2;V1;DESPACHADO PARCIAL
0376 VELADERO FASE 8B /SAN JUAN;01-STOCK NULO;1016438;ZSTO;NEUMATICO 17.5 R25 MINERA SUELO ROCOSO;MM01;376;LAT.CARPA;V1;SIN TRATAMIENTO
0376 VELADERO FASE 8B /SAN JUAN;01-STOCK NULO;1016448;ZSTO;CORREA ALTERNADOR;MM01;376;;V1;SIN TRATAMIENTO
0376 VELADERO FASE 8B /SAN JUAN;01-STOCK NULO;1016938;ZSSD;SILICONA LIQUIDA BRILLO SILICONADO X5LT;MM01;376;E1;V1;ADJUDICADO
0376 VELADERO FASE 8B /SAN JUAN;01-STOCK NULO;1016995;ZSSD;BROCHES FLEX CON FILO N50 X1000;MM01;376;B2;V1;SIN TRATAMIENTO
0376 VELADERO FASE 8B /SAN JUAN;01-STOCK NULO;1017013;ZSSD;CORRECTOR LAPIZ 7MM;MM01;376;A2;V1;SIN TRATAMIENTO
0376 VELADERO FASE 8B /SAN JUAN;01-STOCK NULO;1017046;ZSSD;CEPILLO VIOLIN P LAVAR COCHES;MM01;376;O2 BIS;V1;ADJUDICADO
0376 VELADERO FASE 8B /SAN JUAN;01-STOCK NULO;1017048;ZSSD;FRANELA;MM01;376;O2;V1;SIN TRATAMIENTO
0376 VELADERO FASE 8B /SAN JUAN;01-STOCK NULO;1017067;ZSSD;BATERIA P BALIZA 1000HS;MM01;376;O4;V1;ADJUDICADO
0376 VELADERO FASE 8B /SAN JUAN;01-STOCK NULO;1018921;ZSSD;FILTRO SECANTE DE FRENOS;MM01;376;D2;V1;DESPACHADO
0376 VELADERO FASE 8B /SAN JUAN;01-STOCK NULO;1022633;ZSSD;CARTUCHO DE TINTA;MM01;376;A3;V1;DESPACHADO PARCIAL
0376 VELADERO FASE 8B /SAN JUAN;01-STOCK NULO;1022634;ZSSD;CARTUCHO DE TINTA;MM01;376;A3;V1;DESPACHADO
0376 VELADERO FASE 8B /SAN JUAN;01-STOCK NULO;1026080;ZSSD;CEPILLO BARRENDERO 80CM XUN;MM01;376;L1;V1;SIN TRATAMIENTO
0376 VELADERO FASE 8B /SAN JUAN;01-STOCK NULO;1026309;ZSTO;TOPE DE PUERTA;MM01;376;;V1;PICKEADO
0376 VELADERO FASE 8B /SAN JUAN;01-STOCK NULO;1033415;ZSTO;FILTRO HIDRAULICO;MM01;376;;V1;SIN TRATAMIENTO
0376 VELADERO FASE 8B /SAN JUAN;01-STOCK NULO;1033416;ZSTO;FILTRO DE VENTEO;MM01;376;;V1;SIN TRATAMIENTO
0376 VELADERO FASE 8B /SAN JUAN;01-STOCK NULO;1034628;ZSTO;JUNTA DE BALANCINES;MM01;376;C2;V1;SIN TRATAMIENTO
0376 VELADERO FASE 8B /SAN JUAN;01-STOCK NULO;1036200;ZSTO;PLACA DESGASTE INFERIOR;MM01;376;H1;V1;PICKEADO PARCIAL
0376 VELADERO FASE 8B /SAN JUAN;01-STOCK NULO;1041396;ZSTO;FARO LED 9V 36 LUXLED XUN;MM01;376;B3;V1;DESPACHADO PARCIAL
0376 VELADERO FASE 8B /SAN JUAN;01-STOCK NULO;1046906;ZSTO;AMPOLLETA LUZ PERTIGA 12/24V;MM01;376;;V1;SIN TRATAMIENTO
